{
"type": "FeatureCollection",
"name": "stations_clustered",
"crs": { "type": "name", "properties": { "name": "urn:ogc:def:crs:OGC:1.3:CRS84" } },
"features": [
{ "type": "Feature", "properties": { "id": "BK-A3", "start_count": 1613, "end_count": 1517, "combined_count": 3130, "name": "College Ave at Alcatraz Ave", "lat": 37.8513755, "long": -122.2525233, "buffer_area_m2": 2007391.0339493908, "estimated_pop": 9668, "buffer_area_km2": 2.0074, "pop_per_km2": 4816.2, "buffer_radius_m": 800, "n_blockgroups": 16, "estimated_jobs": 5448, "estimated_activity": 15116, "emp_pop_balance": 0.5635, "dist_to_bart_m": 768.67447662753807, "dist_to_bart_mi": 0.478, "cluster": 3, "prob_cluster_0": 0.021500403421148038, "prob_cluster_1": 2.8262335288173333e-16, "prob_cluster_2": 0.027680005029532682, "prob_cluster_3": 0.95081959154931905 }, "geometry": { "type": "Point", "coordinates": [ -122.2525233, 37.8513755 ] } },
{ "type": "Feature", "properties": { "id": "BK-A7", "start_count": 3905, "end_count": 3879, "combined_count": 7784, "name": "Vine St at Shattuck Ave", "lat": 37.880222445906789, "long": -122.26959228515624, "buffer_area_m2": 2007391.0339493908, "estimated_pop": 12025, "buffer_area_km2": 2.0074, "pop_per_km2": 5990.5, "buffer_radius_m": 800, "n_blockgroups": 20, "estimated_jobs": 15618, "estimated_activity": 27643, "emp_pop_balance": 1.2987, "dist_to_bart_m": 1028.1518528808765, "dist_to_bart_mi": 0.639, "cluster": 2, "prob_cluster_0": 0.0047424366428074384, "prob_cluster_1": 7.7750780397598032e-18, "prob_cluster_2": 0.99525756335713234, "prob_cluster_3": 6.0212694204793186e-14 }, "geometry": { "type": "Point", "coordinates": [ -122.269592285156236, 37.880222445906789 ] } },
{ "type": "Feature", "properties": { "id": "BK-B7", "start_count": 2222, "end_count": 2314, "combined_count": 4536, "name": "Virginia St at Shattuck Ave", "lat": 37.876572549106847, "long": -122.26952791213988, "buffer_area_m2": 2007391.0339493908, "estimated_pop": 13222, "buffer_area_km2": 2.0074, "pop_per_km2": 6586.8, "buffer_radius_m": 800, "n_blockgroups": 21, "estimated_jobs": 24380, "estimated_activity": 37602, "emp_pop_balance": 1.8438, "dist_to_bart_m": 625.85958810632667, "dist_to_bart_mi": 0.389, "cluster": 2, "prob_cluster_0": 2.5653714611375982e-07, "prob_cluster_1": 8.6599364102733652e-08, "prob_cluster_2": 0.99999965686348991, "prob_cluster_3": 1.6617379563170329e-35 }, "geometry": { "type": "Point", "coordinates": [ -122.269527912139878, 37.876572549106847 ] } },
{ "type": "Feature", "properties": { "id": "BK-C1", "start_count": 1612, "end_count": 1911, "combined_count": 3523, "name": "Fifth St at Delaware St", "lat": 37.870407115465376, "long": -122.29967594146729, "buffer_area_m2": 2007391.0339493908, "estimated_pop": 5533, "buffer_area_km2": 2.0074, "pop_per_km2": 2756.3, "buffer_radius_m": 800, "n_blockgroups": 11, "estimated_jobs": 5062, "estimated_activity": 10595, "emp_pop_balance": 0.9149, "dist_to_bart_m": 1471.6280030646938, "dist_to_bart_mi": 0.914, "cluster": 0, "prob_cluster_0": 0.92755379003700411, "prob_cluster_1": 5.3421317160587262e-30, "prob_cluster_2": 0.072388917160936317, "prob_cluster_3": 5.7292802059513138e-05 }, "geometry": { "type": "Point", "coordinates": [ -122.299675941467285, 37.870407115465376 ] } },
{ "type": "Feature", "properties": { "id": "BK-C5", "start_count": 2970, "end_count": 2795, "combined_count": 5765, "name": "North Berkeley BART", "lat": 37.873855699812196, "long": -122.28298832384976, "buffer_area_m2": 2007391.0339493908, "estimated_pop": 10677, "buffer_area_km2": 2.0074, "pop_per_km2": 5318.8, "buffer_radius_m": 800, "n_blockgroups": 15, "estimated_jobs": 6286, "estimated_activity": 16963, "emp_pop_balance": 0.5887, "dist_to_bart_m": 41.423604214354455, "dist_to_bart_mi": 0.026, "cluster": 3, "prob_cluster_0": 0.0089504950079793855, "prob_cluster_1": 3.1296580761417519e-15, "prob_cluster_2": 6.9769116406648049e-05, "prob_cluster_3": 0.99097973587561106 }, "geometry": { "type": "Point", "coordinates": [ -122.282988323849764, 37.873855699812196 ] } },
{ "type": "Feature", "properties": { "id": "BK-C6", "start_count": 4145, "end_count": 4213, "combined_count": 8358, "name": "MLK Jr Way at University Ave", "lat": 37.8717192, "long": -122.2730677, "buffer_area_m2": 2007391.0339493908, "estimated_pop": 14252, "buffer_area_km2": 2.0074, "pop_per_km2": 7099.7, "buffer_radius_m": 800, "n_blockgroups": 21, "estimated_jobs": 28915, "estimated_activity": 43167, "emp_pop_balance": 2.0289, "dist_to_bart_m": 420.31433301082802, "dist_to_bart_mi": 0.261, "cluster": 2, "prob_cluster_0": 2.3923098142247027e-10, "prob_cluster_1": 4.2279577696868444e-05, "prob_cluster_2": 0.99995772018307216, "prob_cluster_3": 2.9243799987153178e-46 }, "geometry": { "type": "Point", "coordinates": [ -122.2730677, 37.8717192 ] } },
{ "type": "Feature", "properties": { "id": "BK-C7", "start_count": 2891, "end_count": 2894, "combined_count": 5785, "name": "Shattuck Ave at Hearst Ave", "lat": 37.873676214598248, "long": -122.26848721504211, "buffer_area_m2": 2007391.0339493908, "estimated_pop": 13314, "buffer_area_km2": 2.0074, "pop_per_km2": 6632.5, "buffer_radius_m": 800, "n_blockgroups": 22, "estimated_jobs": 27076, "estimated_activity": 40390, "emp_pop_balance": 2.0336, "dist_to_bart_m": 296.38283996353039, "dist_to_bart_mi": 0.184, "cluster": 2, "prob_cluster_0": 3.7413802296202076e-09, "prob_cluster_1": 0.0001079143231701034, "prob_cluster_2": 0.99989208193544965, "prob_cluster_3": 3.1240044154191675e-44 }, "geometry": { "type": "Point", "coordinates": [ -122.268487215042114, 37.873676214598248 ] } },
{ "type": "Feature", "properties": { "id": "BK-C8", "start_count": 3353, "end_count": 3201, "combined_count": 6554, "name": "University Ave at Oxford St", "lat": 37.8723555, "long": -122.2664467, "buffer_area_m2": 2007391.0339493908, "estimated_pop": 14496, "buffer_area_km2": 2.0074, "pop_per_km2": 7221.3, "buffer_radius_m": 800, "n_blockgroups": 24, "estimated_jobs": 26582, "estimated_activity": 41078, "emp_pop_balance": 1.8337, "dist_to_bart_m": 210.71090010910686, "dist_to_bart_mi": 0.131, "cluster": 2, "prob_cluster_0": 2.4223981987205849e-09, "prob_cluster_1": 2.5633823559761409e-05, "prob_cluster_2": 0.99997436375404203, "prob_cluster_3": 4.0690421249010759e-36 }, "geometry": { "type": "Point", "coordinates": [ -122.2664467, 37.8723555 ] } },
{ "type": "Feature", "properties": { "id": "BK-C9", "start_count": 7465, "end_count": 6836, "combined_count": 14301, "name": "Euclid Ave at Hearst Ave", "lat": 37.8753207, "long": -122.2601554, "buffer_area_m2": 2007391.0339493908, "estimated_pop": 9004, "buffer_area_km2": 2.0074, "pop_per_km2": 4485.5, "buffer_radius_m": 800, "n_blockgroups": 17, "estimated_jobs": 17676, "estimated_activity": 26681, "emp_pop_balance": 1.9631, "dist_to_bart_m": 849.59108710291252, "dist_to_bart_mi": 0.528, "cluster": 2, "prob_cluster_0": 0.01443267412367371, "prob_cluster_1": 3.1511623701355351e-08, "prob_cluster_2": 0.98556729436470225, "prob_cluster_3": 1.3928167823726661e-35 }, "geometry": { "type": "Point", "coordinates": [ -122.2601554, 37.8753207 ] } },
{ "type": "Feature", "properties": { "id": "BK-D1", "start_count": 2886, "end_count": 3277, "combined_count": 6163, "name": "Addison St at Fourth St", "lat": 37.866249, "long": -122.2993708, "buffer_area_m2": 2007391.0339493908, "estimated_pop": 4711, "buffer_area_km2": 2.0074, "pop_per_km2": 2346.9, "buffer_radius_m": 800, "n_blockgroups": 9, "estimated_jobs": 4091, "estimated_activity": 8803, "emp_pop_balance": 0.8684, "dist_to_bart_m": 1629.6246327166184, "dist_to_bart_mi": 1.013, "cluster": 0, "prob_cluster_0": 0.97117526560108758, "prob_cluster_1": 2.1633179670549825e-36, "prob_cluster_2": 0.028751546976008908, "prob_cluster_3": 7.3187422903423708e-05 }, "geometry": { "type": "Point", "coordinates": [ -122.2993708, 37.866249 ] } },
{ "type": "Feature", "properties": { "id": "BK-D10", "start_count": 10464, "end_count": 9667, "combined_count": 20131, "name": "Bancroft Way at College Ave", "lat": 37.869394312305865, "long": -122.25433029666108, "buffer_area_m2": 2007391.0339493908, "estimated_pop": 17682, "buffer_area_km2": 2.0074, "pop_per_km2": 8808.7, "buffer_radius_m": 800, "n_blockgroups": 16, "estimated_jobs": 2764, "estimated_activity": 20446, "emp_pop_balance": 0.1563, "dist_to_bart_m": 1182.4272663914683, "dist_to_bart_mi": 0.735, "cluster": 3, "prob_cluster_0": 0.015100226921173184, "prob_cluster_1": 8.0867904444181306e-33, "prob_cluster_2": 0.056336280108651382, "prob_cluster_3": 0.92856349297017537 }, "geometry": { "type": "Point", "coordinates": [ -122.254330296661081, 37.869394312305865 ] } },
{ "type": "Feature", "properties": { "id": "BK-D2", "start_count": 1297, "end_count": 1550, "combined_count": 2847, "name": "Ninth St at University Ave", "lat": 37.868456799781171, "long": -122.29431033809128, "buffer_area_m2": 2007391.0339493908, "estimated_pop": 8711, "buffer_area_km2": 2.0074, "pop_per_km2": 4339.3, "buffer_radius_m": 800, "n_blockgroups": 15, "estimated_jobs": 4120, "estimated_activity": 12831, "emp_pop_balance": 0.473, "dist_to_bart_m": 1122.173662055641, "dist_to_bart_mi": 0.697, "cluster": 3, "prob_cluster_0": 0.026188094914594454, "prob_cluster_1": 1.4818383344076668e-24, "prob_cluster_2": 0.035661973599990127, "prob_cluster_3": 0.93814993148541537 }, "geometry": { "type": "Point", "coordinates": [ -122.294310338091279, 37.868456799781171 ] } },
{ "type": "Feature", "properties": { "id": "BK-D4", "start_count": 1634, "end_count": 2010, "combined_count": 3644, "name": "West St at University Ave", "lat": 37.869966707604043, "long": -122.28653311729433, "buffer_area_m2": 2007391.0339493908, "estimated_pop": 11186, "buffer_area_km2": 2.0074, "pop_per_km2": 5572.6, "buffer_radius_m": 800, "n_blockgroups": 16, "estimated_jobs": 5061, "estimated_activity": 16247, "emp_pop_balance": 0.4524, "dist_to_bart_m": 506.03330001576438, "dist_to_bart_mi": 0.314, "cluster": 3, "prob_cluster_0": 0.0047570756670509843, "prob_cluster_1": 1.0415860256465216e-14, "prob_cluster_2": 0.0023184449741255808, "prob_cluster_3": 0.99292447935881301 }, "geometry": { "type": "Point", "coordinates": [ -122.286533117294326, 37.869966707604043 ] } },
{ "type": "Feature", "properties": { "id": "BK-D5", "start_count": 1798, "end_count": 1929, "combined_count": 3727, "name": "Addison St at California St", "lat": 37.86972662872833, "long": -122.27938914547282, "buffer_area_m2": 2007391.0339493908, "estimated_pop": 12095, "buffer_area_km2": 2.0074, "pop_per_km2": 6025.0, "buffer_radius_m": 800, "n_blockgroups": 19, "estimated_jobs": 8521, "estimated_activity": 20615, "emp_pop_balance": 0.7045, "dist_to_bart_m": 584.19901645127118, "dist_to_bart_mi": 0.363, "cluster": 2, "prob_cluster_0": 0.068521694910532657, "prob_cluster_1": 2.0565973984520123e-12, "prob_cluster_2": 0.47305057851182825, "prob_cluster_3": 0.45842772657558262 }, "geometry": { "type": "Point", "coordinates": [ -122.27938914547282, 37.86972662872833 ] } },
{ "type": "Feature", "properties": { "id": "BK-D7-1", "start_count": 10322, "end_count": 10257, "combined_count": 20579, "name": "Downtown Berkeley BART", "lat": 37.870139, "long": -122.268422, "buffer_area_m2": 2007391.0339493908, "estimated_pop": 15562, "buffer_area_km2": 2.0074, "pop_per_km2": 7752.3, "buffer_radius_m": 800, "n_blockgroups": 21, "estimated_jobs": 28523, "estimated_activity": 44085, "emp_pop_balance": 1.8329, "dist_to_bart_m": 18.36866515565621, "dist_to_bart_mi": 0.011, "cluster": 2, "prob_cluster_0": 8.122876810948065e-11, "prob_cluster_1": 1.5154841168857126e-05, "prob_cluster_2": 0.99998484507760255, "prob_cluster_3": 1.6394293101531277e-37 }, "geometry": { "type": "Point", "coordinates": [ -122.268422, 37.870139 ] } },
{ "type": "Feature", "properties": { "id": "BK-D7-2", "start_count": 3852, "end_count": 3908, "combined_count": 7760, "name": "Berkeley Civic Center", "lat": 37.8690599, "long": -122.270556, "buffer_area_m2": 2007391.0339493908, "estimated_pop": 14754, "buffer_area_km2": 2.0074, "pop_per_km2": 7349.8, "buffer_radius_m": 800, "n_blockgroups": 21, "estimated_jobs": 24582, "estimated_activity": 39336, "emp_pop_balance": 1.6662, "dist_to_bart_m": 214.04036079289833, "dist_to_bart_mi": 0.133, "cluster": 2, "prob_cluster_0": 2.5945307859783844e-08, "prob_cluster_1": 5.4548031371288986e-06, "prob_cluster_2": 0.99999451925155491, "prob_cluster_3": 7.7036038565144068e-29 }, "geometry": { "type": "Point", "coordinates": [ -122.270556, 37.8690599 ] } },
{ "type": "Feature", "properties": { "id": "BK-E10", "start_count": 2579, "end_count": 2239, "combined_count": 4818, "name": "Haste St at College Ave", "lat": 37.86641794050319, "long": -122.25379943847656, "buffer_area_m2": 2007391.0339493908, "estimated_pop": 21051, "buffer_area_km2": 2.0074, "pop_per_km2": 10486.9, "buffer_radius_m": 800, "n_blockgroups": 17, "estimated_jobs": 3535, "estimated_activity": 24586, "emp_pop_balance": 0.1679, "dist_to_bart_m": 1281.7200521820032, "dist_to_bart_mi": 0.796, "cluster": 3, "prob_cluster_0": 0.017451392303295902, "prob_cluster_1": 2.7441702673120774e-38, "prob_cluster_2": 0.068846909367501902, "prob_cluster_3": 0.91370169832920212 }, "geometry": { "type": "Point", "coordinates": [ -122.253799438476562, 37.86641794050319 ] } },
{ "type": "Feature", "properties": { "id": "BK-E3", "start_count": 1387, "end_count": 1569, "combined_count": 2956, "name": "Channing Way at San Pablo Ave", "lat": 37.862817106708022, "long": -122.2902952903697, "buffer_area_m2": 2007391.0339493908, "estimated_pop": 8669, "buffer_area_km2": 2.0074, "pop_per_km2": 4318.5, "buffer_radius_m": 800, "n_blockgroups": 14, "estimated_jobs": 2499, "estimated_activity": 11168, "emp_pop_balance": 0.2883, "dist_to_bart_m": 1361.6811927316644, "dist_to_bart_mi": 0.846, "cluster": 3, "prob_cluster_0": 0.026085559879173891, "prob_cluster_1": 3.8175888565342674e-34, "prob_cluster_2": 0.028183271113950085, "prob_cluster_3": 0.94573116900687604 }, "geometry": { "type": "Point", "coordinates": [ -122.290295290369698, 37.862817106708022 ] } },
{ "type": "Feature", "properties": { "id": "BK-E7", "start_count": 3474, "end_count": 3473, "combined_count": 6947, "name": "Channing Way at Shattuck Ave", "lat": 37.8658466, "long": -122.2674431, "buffer_area_m2": 2007391.0339493908, "estimated_pop": 18902, "buffer_area_km2": 2.0074, "pop_per_km2": 9416.4, "buffer_radius_m": 800, "n_blockgroups": 23, "estimated_jobs": 13509, "estimated_activity": 32411, "emp_pop_balance": 0.7147, "dist_to_bart_m": 410.29939338864625, "dist_to_bart_mi": 0.255, "cluster": 2, "prob_cluster_0": 0.00027918056363210954, "prob_cluster_1": 4.0223507766281449e-11, "prob_cluster_2": 0.99936861644519626, "prob_cluster_3": 0.00035220295094822948 }, "geometry": { "type": "Point", "coordinates": [ -122.2674431, 37.8658466 ] } },
{ "type": "Feature", "properties": { "id": "BK-E8", "start_count": 3849, "end_count": 3788, "combined_count": 7637, "name": "Fulton St at Bancroft Way", "lat": 37.868135281599706, "long": -122.26593686946156, "buffer_area_m2": 2007391.0339493908, "estimated_pop": 18504, "buffer_area_km2": 2.0074, "pop_per_km2": 9218.1, "buffer_radius_m": 800, "n_blockgroups": 23, "estimated_jobs": 21606, "estimated_activity": 40111, "emp_pop_balance": 1.1676, "dist_to_bart_m": 237.45862431985481, "dist_to_bart_mi": 0.148, "cluster": 2, "prob_cluster_0": 9.8221837402525471e-08, "prob_cluster_1": 1.0499151226852201e-07, "prob_cluster_2": 0.99999979678664608, "prob_cluster_3": 4.2100101983604835e-15 }, "geometry": { "type": "Point", "coordinates": [ -122.265936869461555, 37.868135281599706 ] } },
{ "type": "Feature", "properties": { "id": "BK-E9-1", "start_count": 10981, "end_count": 10390, "combined_count": 21371, "name": "Bancroft Way at Telegraph Ave", "lat": 37.8689109, "long": -122.2587857, "buffer_area_m2": 2007391.0339493908, "estimated_pop": 21101, "buffer_area_km2": 2.0074, "pop_per_km2": 10511.5, "buffer_radius_m": 800, "n_blockgroups": 21, "estimated_jobs": 5010, "estimated_activity": 26111, "emp_pop_balance": 0.2374, "dist_to_bart_m": 794.96839776095794, "dist_to_bart_mi": 0.494, "cluster": 3, "prob_cluster_0": 0.0082265914726484118, "prob_cluster_1": 5.342448497039337e-21, "prob_cluster_2": 0.25553133996726701, "prob_cluster_3": 0.73624206856008467 }, "geometry": { "type": "Point", "coordinates": [ -122.2587857, 37.8689109 ] } },
{ "type": "Feature", "properties": { "id": "BK-E9-2", "start_count": 3957, "end_count": 3419, "combined_count": 7376, "name": "Haste St at Telegraph Ave", "lat": 37.8660431, "long": -122.2588044, "buffer_area_m2": 2007391.0339493908, "estimated_pop": 23879, "buffer_area_km2": 2.0074, "pop_per_km2": 11895.4, "buffer_radius_m": 800, "n_blockgroups": 21, "estimated_jobs": 4860, "estimated_activity": 28739, "emp_pop_balance": 0.2035, "dist_to_bart_m": 887.09853648511864, "dist_to_bart_mi": 0.551, "cluster": 2, "prob_cluster_0": 0.0096330958939204389, "prob_cluster_1": 3.6468425328563593e-24, "prob_cluster_2": 0.51660653591177152, "prob_cluster_3": 0.473760368194308 }, "geometry": { "type": "Point", "coordinates": [ -122.2588044, 37.8660431 ] } },
{ "type": "Feature", "properties": { "id": "BK-F10", "start_count": 4096, "end_count": 3689, "combined_count": 7785, "name": "Derby St at College Ave", "lat": 37.86175955253551, "long": -122.25367726566596, "buffer_area_m2": 2007391.0339493908, "estimated_pop": 20900, "buffer_area_km2": 2.0074, "pop_per_km2": 10411.5, "buffer_radius_m": 800, "n_blockgroups": 19, "estimated_jobs": 5082, "estimated_activity": 25982, "emp_pop_balance": 0.2432, "dist_to_bart_m": 1521.1713237122824, "dist_to_bart_mi": 0.945, "cluster": 3, "prob_cluster_0": 0.022176703321182576, "prob_cluster_1": 7.4243640132103838e-50, "prob_cluster_2": 0.017755509418667017, "prob_cluster_3": 0.96006778726015018 }, "geometry": { "type": "Point", "coordinates": [ -122.253677265665956, 37.86175955253551 ] } },
{ "type": "Feature", "properties": { "id": "BK-F2", "start_count": 1332, "end_count": 1568, "combined_count": 2900, "name": "Ninth St at Parker St", "lat": 37.8588682, "long": -122.2912095, "buffer_area_m2": 2007391.0339493908, "estimated_pop": 5562, "buffer_area_km2": 2.0074, "pop_per_km2": 2770.9, "buffer_radius_m": 800, "n_blockgroups": 9, "estimated_jobs": 1783, "estimated_activity": 7346, "emp_pop_balance": 0.3206, "dist_to_bart_m": 1794.8072280341316, "dist_to_bart_mi": 1.115, "cluster": 3, "prob_cluster_0": 0.25932935591366135, "prob_cluster_1": 5.2476954819769598e-51, "prob_cluster_2": 0.03438288578649927, "prob_cluster_3": 0.70628775829983947 }, "geometry": { "type": "Point", "coordinates": [ -122.2912095, 37.8588682 ] } },
{ "type": "Feature", "properties": { "id": "BK-F7", "start_count": 2916, "end_count": 2873, "combined_count": 5789, "name": "Milvia St at Derby St", "lat": 37.860124599116851, "long": -122.2693844139576, "buffer_area_m2": 2007391.0339493908, "estimated_pop": 15432, "buffer_area_km2": 2.0074, "pop_per_km2": 7687.5, "buffer_radius_m": 800, "n_blockgroups": 23, "estimated_jobs": 5442, "estimated_activity": 20874, "emp_pop_balance": 0.3527, "dist_to_bart_m": 813.64275400859731, "dist_to_bart_mi": 0.506, "cluster": 3, "prob_cluster_0": 0.0050857014936487449, "prob_cluster_1": 4.5549142570983961e-20, "prob_cluster_2": 0.043791394666725186, "prob_cluster_3": 0.95112290383962605 }, "geometry": { "type": "Point", "coordinates": [ -122.269384413957596, 37.860124599116851 ] } },
{ "type": "Feature", "properties": { "id": "BK-F8", "start_count": 5213, "end_count": 4799, "combined_count": 10012, "name": "Parker St at Fulton St", "lat": 37.8624644, "long": -122.2647911, "buffer_area_m2": 2007391.0339493908, "estimated_pop": 20421, "buffer_area_km2": 2.0074, "pop_per_km2": 10173.0, "buffer_radius_m": 800, "n_blockgroups": 24, "estimated_jobs": 7939, "estimated_activity": 28360, "emp_pop_balance": 0.3888, "dist_to_bart_m": 835.52062628138958, "dist_to_bart_mi": 0.519, "cluster": 2, "prob_cluster_0": 0.0049362562621399746, "prob_cluster_1": 5.4639370877209798e-21, "prob_cluster_2": 0.5992976877911651, "prob_cluster_3": 0.39576605594669462 }, "geometry": { "type": "Point", "coordinates": [ -122.2647911, 37.8624644 ] } },
{ "type": "Feature", "properties": { "id": "BK-F9", "start_count": 3521, "end_count": 3172, "combined_count": 6693, "name": "Telegraph Ave at Carleton St", "lat": 37.8623199, "long": -122.258801, "buffer_area_m2": 2007391.0339493908, "estimated_pop": 23621, "buffer_area_km2": 2.0074, "pop_per_km2": 11766.8, "buffer_radius_m": 800, "n_blockgroups": 25, "estimated_jobs": 6305, "estimated_activity": 29926, "emp_pop_balance": 0.2669, "dist_to_bart_m": 1137.5797435293782, "dist_to_bart_mi": 0.707, "cluster": 3, "prob_cluster_0": 0.011561434484732853, "prob_cluster_1": 1.0041273595689486e-32, "prob_cluster_2": 0.40155449608397437, "prob_cluster_3": 0.58688406943129245 }, "geometry": { "type": "Point", "coordinates": [ -122.258801, 37.8623199 ] } },
{ "type": "Feature", "properties": { "id": "BK-G10", "start_count": 1870, "end_count": 1668, "combined_count": 3538, "name": "Russell St at College Ave", "lat": 37.8584732, "long": -122.2532529, "buffer_area_m2": 2007391.0339493908, "estimated_pop": 13146, "buffer_area_km2": 2.0074, "pop_per_km2": 6548.9, "buffer_radius_m": 800, "n_blockgroups": 15, "estimated_jobs": 5957, "estimated_activity": 19103, "emp_pop_balance": 0.4531, "dist_to_bart_m": 1558.4455000092787, "dist_to_bart_mi": 0.968, "cluster": 3, "prob_cluster_0": 0.067096896642221779, "prob_cluster_1": 7.2713193238198616e-45, "prob_cluster_2": 0.030638233051343996, "prob_cluster_3": 0.90226487030643421 }, "geometry": { "type": "Point", "coordinates": [ -122.2532529, 37.8584732 ] } },
{ "type": "Feature", "properties": { "id": "BK-G4", "start_count": 986, "end_count": 1247, "combined_count": 2233, "name": "San Pablo Park", "lat": 37.855783320301988, "long": -122.28312671184538, "buffer_area_m2": 2007391.0339493908, "estimated_pop": 10658, "buffer_area_km2": 2.0074, "pop_per_km2": 5309.3, "buffer_radius_m": 800, "n_blockgroups": 16, "estimated_jobs": 1462, "estimated_activity": 12120, "emp_pop_balance": 0.1372, "dist_to_bart_m": 1197.708310158625, "dist_to_bart_mi": 0.744, "cluster": 3, "prob_cluster_0": 0.030260635155744082, "prob_cluster_1": 5.1365617238052941e-30, "prob_cluster_2": 0.052460790042049413, "prob_cluster_3": 0.91727857480220643 }, "geometry": { "type": "Point", "coordinates": [ -122.283126711845384, 37.855783320301988 ] } },
{ "type": "Feature", "properties": { "id": "BK-G7", "start_count": 4117, "end_count": 4022, "combined_count": 8139, "name": "Oregon St at Adeline St", "lat": 37.8575672, "long": -122.2675583, "buffer_area_m2": 2007391.0339493908, "estimated_pop": 13752, "buffer_area_km2": 2.0074, "pop_per_km2": 6850.5, "buffer_radius_m": 800, "n_blockgroups": 23, "estimated_jobs": 5621, "estimated_activity": 19373, "emp_pop_balance": 0.4088, "dist_to_bart_m": 562.14495485099587, "dist_to_bart_mi": 0.349, "cluster": 3, "prob_cluster_0": 0.0043560145763236763, "prob_cluster_1": 2.1415237903025316e-15, "prob_cluster_2": 0.010497118833242476, "prob_cluster_3": 0.98514686659043171 }, "geometry": { "type": "Point", "coordinates": [ -122.2675583, 37.8575672 ] } },
{ "type": "Feature", "properties": { "id": "BK-G8", "start_count": 1816, "end_count": 1792, "combined_count": 3608, "name": "Ellsworth St at Russell St", "lat": 37.857607747399882, "long": -122.26160466670989, "buffer_area_m2": 2007391.0339493908, "estimated_pop": 14456, "buffer_area_km2": 2.0074, "pop_per_km2": 7201.4, "buffer_radius_m": 800, "n_blockgroups": 19, "estimated_jobs": 7316, "estimated_activity": 21772, "emp_pop_balance": 0.5061, "dist_to_bart_m": 883.25742372937157, "dist_to_bart_mi": 0.549, "cluster": 3, "prob_cluster_0": 0.012096966667418852, "prob_cluster_1": 4.4503755967272693e-20, "prob_cluster_2": 0.18952153192562729, "prob_cluster_3": 0.79838150140695374 }, "geometry": { "type": "Point", "coordinates": [ -122.261604666709886, 37.857607747399882 ] } },
{ "type": "Feature", "properties": { "id": "BK-H10", "start_count": 2117, "end_count": 2052, "combined_count": 4169, "name": "Russell St at College Ave", "lat": 37.8584732, "long": -122.2532529, "buffer_area_m2": 2007391.0339493908, "estimated_pop": 13146, "buffer_area_km2": 2.0074, "pop_per_km2": 6548.9, "buffer_radius_m": 800, "n_blockgroups": 15, "estimated_jobs": 5957, "estimated_activity": 19103, "emp_pop_balance": 0.4531, "dist_to_bart_m": 1558.4455000092787, "dist_to_bart_mi": 0.968, "cluster": 3, "prob_cluster_0": 0.067096896642221779, "prob_cluster_1": 7.2713193238198616e-45, "prob_cluster_2": 0.030638233051343996, "prob_cluster_3": 0.90226487030643421 }, "geometry": { "type": "Point", "coordinates": [ -122.2532529, 37.8584732 ] } },
{ "type": "Feature", "properties": { "id": "BK-H3", "start_count": 2508, "end_count": 2735, "combined_count": 5243, "name": "Ninth St at Heinz Ave", "lat": 37.852997762978227, "long": -122.28944645338662, "buffer_area_m2": 2007391.0339493908, "estimated_pop": 5576, "buffer_area_km2": 2.0074, "pop_per_km2": 2777.8, "buffer_radius_m": 800, "n_blockgroups": 11, "estimated_jobs": 3315, "estimated_activity": 8891, "emp_pop_balance": 0.5945, "dist_to_bart_m": 1707.5127152914738, "dist_to_bart_mi": 1.061, "cluster": 0, "prob_cluster_0": 0.81835930264414347, "prob_cluster_1": 1.7473558993948498e-43, "prob_cluster_2": 0.057505842039232084, "prob_cluster_3": 0.12413485531662435 }, "geometry": { "type": "Point", "coordinates": [ -122.289446453386617, 37.852997762978227 ] } },
{ "type": "Feature", "properties": { "id": "BK-H6", "start_count": 5244, "end_count": 5290, "combined_count": 10534, "name": "Ashby BART", "lat": 37.8524766, "long": -122.2702132, "buffer_area_m2": 2007391.0339493908, "estimated_pop": 13385, "buffer_area_km2": 2.0074, "pop_per_km2": 6667.7, "buffer_radius_m": 800, "n_blockgroups": 19, "estimated_jobs": 3567, "estimated_activity": 16952, "emp_pop_balance": 0.2665, "dist_to_bart_m": 40.02507122485364, "dist_to_bart_mi": 0.025, "cluster": 3, "prob_cluster_0": 0.008823407134072243, "prob_cluster_1": 2.9381733511134328e-16, "prob_cluster_2": 3.5361570558553653e-05, "prob_cluster_3": 0.9911412312953688 }, "geometry": { "type": "Point", "coordinates": [ -122.2702132, 37.8524766 ] } },
{ "type": "Feature", "properties": { "id": "BK-H8", "start_count": 1631, "end_count": 1560, "combined_count": 3191, "name": "Fulton St at Ashby Ave", "lat": 37.855573661828792, "long": -122.2635653614998, "buffer_area_m2": 2007391.0339493908, "estimated_pop": 12624, "buffer_area_km2": 2.0074, "pop_per_km2": 6288.8, "buffer_radius_m": 800, "n_blockgroups": 20, "estimated_jobs": 7038, "estimated_activity": 19662, "emp_pop_balance": 0.5575, "dist_to_bart_m": 613.43486350915532, "dist_to_bart_mi": 0.381, "cluster": 3, "prob_cluster_0": 0.01302541719229252, "prob_cluster_1": 1.7239769169849129e-14, "prob_cluster_2": 0.056115982480654969, "prob_cluster_3": 0.93085860032703516 }, "geometry": { "type": "Point", "coordinates": [ -122.263565361499801, 37.855573661828792 ] } },
{ "type": "Feature", "properties": { "id": "BK-H9", "start_count": 3473, "end_count": 3423, "combined_count": 6896, "name": "Telegraph Ave at Ashby Ave", "lat": 37.8559558, "long": -122.2597949, "buffer_area_m2": 2007391.0339493908, "estimated_pop": 12944, "buffer_area_km2": 2.0074, "pop_per_km2": 6448.3, "buffer_radius_m": 800, "n_blockgroups": 17, "estimated_jobs": 7136, "estimated_activity": 20080, "emp_pop_balance": 0.5513, "dist_to_bart_m": 929.95988274739352, "dist_to_bart_mi": 0.578, "cluster": 3, "prob_cluster_0": 0.021763144563579667, "prob_cluster_1": 2.3583699704593245e-20, "prob_cluster_2": 0.19979259657188889, "prob_cluster_3": 0.77844425886453128 }, "geometry": { "type": "Point", "coordinates": [ -122.2597949, 37.8559558 ] } },
{ "type": "Feature", "properties": { "id": "BK-I10", "start_count": 1344, "end_count": 1169, "combined_count": 2513, "name": "College Ave at Alcatraz Ave", "lat": 37.8513755, "long": -122.2525233, "buffer_area_m2": 2007391.0339493908, "estimated_pop": 9668, "buffer_area_km2": 2.0074, "pop_per_km2": 4816.2, "buffer_radius_m": 800, "n_blockgroups": 16, "estimated_jobs": 5448, "estimated_activity": 15116, "emp_pop_balance": 0.5635, "dist_to_bart_m": 768.67447662753807, "dist_to_bart_mi": 0.478, "cluster": 3, "prob_cluster_0": 0.021500403421148038, "prob_cluster_1": 2.8262335288173333e-16, "prob_cluster_2": 0.027680005029532682, "prob_cluster_3": 0.95081959154931905 }, "geometry": { "type": "Point", "coordinates": [ -122.2525233, 37.8513755 ] } },
{ "type": "Feature", "properties": { "id": "BK-I5", "start_count": 1884, "end_count": 2021, "combined_count": 3905, "name": "Woolsey St at Sacramento St", "lat": 37.8505777, "long": -122.2781754, "buffer_area_m2": 2007391.0339493908, "estimated_pop": 13329, "buffer_area_km2": 2.0074, "pop_per_km2": 6639.9, "buffer_radius_m": 800, "n_blockgroups": 19, "estimated_jobs": 2526, "estimated_activity": 15855, "emp_pop_balance": 0.1895, "dist_to_bart_m": 757.44472849913859, "dist_to_bart_mi": 0.471, "cluster": 3, "prob_cluster_0": 0.010216378100663528, "prob_cluster_1": 2.3405039993148657e-19, "prob_cluster_2": 0.013938702993103732, "prob_cluster_3": 0.97584491890623271 }, "geometry": { "type": "Point", "coordinates": [ -122.2781754, 37.8505777 ] } },
{ "type": "Feature", "properties": { "id": "BK-I6", "start_count": 1857, "end_count": 1905, "combined_count": 3762, "name": "Harmon St at Adeline St", "lat": 37.849735, "long": -122.270582, "buffer_area_m2": 2007391.0339493908, "estimated_pop": 13062, "buffer_area_km2": 2.0074, "pop_per_km2": 6507.0, "buffer_radius_m": 800, "n_blockgroups": 19, "estimated_jobs": 2968, "estimated_activity": 16030, "emp_pop_balance": 0.2272, "dist_to_bart_m": 305.4597921445885, "dist_to_bart_mi": 0.19, "cluster": 3, "prob_cluster_0": 0.0089043234763403929, "prob_cluster_1": 4.3044320944204918e-15, "prob_cluster_2": 0.00050630244167639146, "prob_cluster_3": 0.99058937408197889 }, "geometry": { "type": "Point", "coordinates": [ -122.270582, 37.849735 ] } },
{ "type": "Feature", "properties": { "id": "EM-1", "start_count": 1, "end_count": 0, "combined_count": 1, "name": "Emeryville Depot", "lat": 37.830296182687, "long": -122.2894299030304, "buffer_area_m2": 2007391.0339493908, "estimated_pop": 1996, "buffer_area_km2": 2.0074, "pop_per_km2": 994.3, "buffer_radius_m": 800, "n_blockgroups": 11, "estimated_jobs": 6120, "estimated_activity": 8116, "emp_pop_balance": 3.0664, "dist_to_bart_m": 1990.5632161878427, "dist_to_bart_mi": 1.237, "cluster": 0, "prob_cluster_0": 0.99999999999998934, "prob_cluster_1": 2.9148533340762869e-31, "prob_cluster_2": 1.0408054208252692e-14, "prob_cluster_3": 1.449152615477916e-108 }, "geometry": { "type": "Point", "coordinates": [ -122.289429903030396, 37.830296182687 ] } },
{ "type": "Feature", "properties": { "id": "EM-A1", "start_count": 927, "end_count": 918, "combined_count": 1845, "name": "59th St at Horton St", "lat": 37.8409452, "long": -122.2913604, "buffer_area_m2": 2007391.0339493908, "estimated_pop": 8832, "buffer_area_km2": 2.0074, "pop_per_km2": 4399.6, "buffer_radius_m": 800, "n_blockgroups": 15, "estimated_jobs": 12569, "estimated_activity": 21401, "emp_pop_balance": 1.4232, "dist_to_bart_m": 2290.8508884338753, "dist_to_bart_mi": 1.423, "cluster": 0, "prob_cluster_0": 0.9999994713834417, "prob_cluster_1": 3.0603682137290752e-78, "prob_cluster_2": 5.2861655831166359e-07, "prob_cluster_3": 6.3391549705154334e-21 }, "geometry": { "type": "Point", "coordinates": [ -122.2913604, 37.8409452 ] } },
{ "type": "Feature", "properties": { "id": "EM-A2", "start_count": 781, "end_count": 957, "combined_count": 1738, "name": "Doyle St at 59th St", "lat": 37.8419238, "long": -122.2880451, "buffer_area_m2": 2007391.0339493908, "estimated_pop": 10162, "buffer_area_km2": 2.0074, "pop_per_km2": 5062.2, "buffer_radius_m": 800, "n_blockgroups": 15, "estimated_jobs": 10943, "estimated_activity": 21105, "emp_pop_balance": 1.0769, "dist_to_bart_m": 1989.1871961817881, "dist_to_bart_mi": 1.236, "cluster": 0, "prob_cluster_0": 0.99926782969406192, "prob_cluster_1": 9.9653904712336129e-62, "prob_cluster_2": 0.00073216926737303643, "prob_cluster_3": 1.0385648246769989e-09 }, "geometry": { "type": "Point", "coordinates": [ -122.2880451, 37.8419238 ] } },
{ "type": "Feature", "properties": { "id": "EM-AA2", "start_count": 60, "end_count": 71, "combined_count": 131, "name": "Vallejo St at 66th St", "lat": 37.848355963486441, "long": -122.28860894196281, "buffer_area_m2": 2007391.0339493908, "estimated_pop": 8041, "buffer_area_km2": 2.0074, "pop_per_km2": 4005.8, "buffer_radius_m": 800, "n_blockgroups": 12, "estimated_jobs": 5997, "estimated_activity": 14039, "emp_pop_balance": 0.7458, "dist_to_bart_m": 1706.8617318105437, "dist_to_bart_mi": 1.061, "cluster": 0, "prob_cluster_0": 0.95036073391482601, "prob_cluster_1": 7.7508355692480668e-45, "prob_cluster_2": 0.043066802462932006, "prob_cluster_3": 0.0065724636222418897 }, "geometry": { "type": "Point", "coordinates": [ -122.288608941962806, 37.848355963486441 ] } },
{ "type": "Feature", "properties": { "id": "EM-B0", "start_count": 18, "end_count": 18, "combined_count": 36, "name": "Powell St at Admiral Dr", "lat": 37.837069303891063, "long": -122.30656630197019, "buffer_area_m2": 2007391.0339493908, "estimated_pop": 1246, "buffer_area_km2": 2.0074, "pop_per_km2": 620.7, "buffer_radius_m": 800, "n_blockgroups": 4, "estimated_jobs": 4325, "estimated_activity": 5571, "emp_pop_balance": 3.4706, "dist_to_bart_m": 3604.7017285447796, "dist_to_bart_mi": 2.24, "cluster": 0, "prob_cluster_0": 1.0, "prob_cluster_1": 4.7734487256670499e-149, "prob_cluster_2": 1.77567254063322e-37, "prob_cluster_3": 1.411828692902175e-162 }, "geometry": { "type": "Point", "coordinates": [ -122.306566301970193, 37.837069303891063 ] } },
{ "type": "Feature", "properties": { "id": "EM-B0-2", "start_count": 445, "end_count": 460, "combined_count": 905, "name": "2100 Powell St", "lat": 37.839543082665628, "long": -122.2987177222967, "buffer_area_m2": 2007391.0339493908, "estimated_pop": 5411, "buffer_area_km2": 2.0074, "pop_per_km2": 2695.7, "buffer_radius_m": 800, "n_blockgroups": 6, "estimated_jobs": 10935, "estimated_activity": 16346, "emp_pop_balance": 2.0207, "dist_to_bart_m": 2921.2529236739902, "dist_to_bart_mi": 1.815, "cluster": 0, "prob_cluster_0": 1.0, "prob_cluster_1": 6.7322381933528096e-118, "prob_cluster_2": 2.4056683945987405e-16, "prob_cluster_3": 1.0646830346304662e-50 }, "geometry": { "type": "Point", "coordinates": [ -122.298717722296701, 37.839543082665628 ] } },
{ "type": "Feature", "properties": { "id": "EM-B1", "start_count": 773, "end_count": 915, "combined_count": 1688, "name": "Emeryville Public Market", "lat": 37.840521166949692, "long": -122.29352831840517, "buffer_area_m2": 2007391.0339493908, "estimated_pop": 7633, "buffer_area_km2": 2.0074, "pop_per_km2": 3802.6, "buffer_radius_m": 800, "n_blockgroups": 14, "estimated_jobs": 12716, "estimated_activity": 20349, "emp_pop_balance": 1.6659, "dist_to_bart_m": 2475.9305676147851, "dist_to_bart_mi": 1.538, "cluster": 0, "prob_cluster_0": 0.99999999857113142, "prob_cluster_1": 3.575748958774421e-88, "prob_cluster_2": 1.428868526886143e-09, "prob_cluster_3": 5.5900305354207495e-31 }, "geometry": { "type": "Point", "coordinates": [ -122.293528318405166, 37.840521166949692 ] } },
{ "type": "Feature", "properties": { "id": "EM-B2", "start_count": 587, "end_count": 630, "combined_count": 1217, "name": "Stanford Ave at Hollis St", "lat": 37.8384435, "long": -122.2886647, "buffer_area_m2": 2007391.0339493908, "estimated_pop": 8392, "buffer_area_km2": 2.0074, "pop_per_km2": 4180.5, "buffer_radius_m": 800, "n_blockgroups": 15, "estimated_jobs": 11995, "estimated_activity": 20387, "emp_pop_balance": 1.4293, "dist_to_bart_m": 2182.0196623384718, "dist_to_bart_mi": 1.356, "cluster": 0, "prob_cluster_0": 0.99999596490953557, "prob_cluster_1": 2.5107801092190269e-69, "prob_cluster_2": 4.035090464416203e-06, "prob_cluster_3": 1.5468627568645544e-20 }, "geometry": { "type": "Point", "coordinates": [ -122.2886647, 37.8384435 ] } },
{ "type": "Feature", "properties": { "id": "EM-C1", "start_count": 1676, "end_count": 1808, "combined_count": 3484, "name": "65th St at Hollis St", "lat": 37.8467842, "long": -122.2913761, "buffer_area_m2": 2007391.0339493908, "estimated_pop": 7761, "buffer_area_km2": 2.0074, "pop_per_km2": 3866.1, "buffer_radius_m": 800, "n_blockgroups": 14, "estimated_jobs": 8946, "estimated_activity": 16707, "emp_pop_balance": 1.1527, "dist_to_bart_m": 1992.7333590747173, "dist_to_bart_mi": 1.238, "cluster": 0, "prob_cluster_0": 0.99970506675646853, "prob_cluster_1": 8.8185504871435698e-58, "prob_cluster_2": 0.00029493323226447105, "prob_cluster_3": 1.1267044408220771e-11 }, "geometry": { "type": "Point", "coordinates": [ -122.2913761, 37.8467842 ] } },
{ "type": "Feature", "properties": { "id": "EM-C1-2", "start_count": 1309, "end_count": 1509, "combined_count": 2818, "name": "Bay Street Plaza", "lat": 37.834574108061645, "long": -122.29206176011056, "buffer_area_m2": 2007391.0339493908, "estimated_pop": 4430, "buffer_area_km2": 2.0074, "pop_per_km2": 2206.7, "buffer_radius_m": 800, "n_blockgroups": 12, "estimated_jobs": 9822, "estimated_activity": 14251, "emp_pop_balance": 2.2173, "dist_to_bart_m": 2299.9139094648986, "dist_to_bart_mi": 1.429, "cluster": 0, "prob_cluster_0": 0.99999999989568034, "prob_cluster_1": 7.8974926875190988e-62, "prob_cluster_2": 1.0431971062753506e-10, "prob_cluster_3": 6.3989008133889433e-56 }, "geometry": { "type": "Point", "coordinates": [ -122.292061760110556, 37.834574108061645 ] } },
{ "type": "Feature", "properties": { "id": "EM-C2", "start_count": 358, "end_count": 379, "combined_count": 737, "name": "53rd St at Hollis St", "lat": 37.8361823, "long": -122.2871801, "buffer_area_m2": 2007391.0339493908, "estimated_pop": 7265, "buffer_area_km2": 2.0074, "pop_per_km2": 3619.3, "buffer_radius_m": 800, "n_blockgroups": 16, "estimated_jobs": 10529, "estimated_activity": 17794, "emp_pop_balance": 1.4492, "dist_to_bart_m": 1954.0819239571379, "dist_to_bart_mi": 1.214, "cluster": 0, "prob_cluster_0": 0.99988021768541113, "prob_cluster_1": 4.4419192905662416e-52, "prob_cluster_2": 0.00011978231458883465, "prob_cluster_3": 5.2619255737140504e-20 }, "geometry": { "type": "Point", "coordinates": [ -122.2871801, 37.8361823 ] } },
{ "type": "Feature", "properties": { "id": "EM-C3", "start_count": 1083, "end_count": 1217, "combined_count": 2300, "name": "47th St at San Pablo Ave", "lat": 37.8356703, "long": -122.2811258, "buffer_area_m2": 2007391.0339493908, "estimated_pop": 9966, "buffer_area_km2": 2.0074, "pop_per_km2": 4964.8, "buffer_radius_m": 800, "n_blockgroups": 18, "estimated_jobs": 7573, "estimated_activity": 17539, "emp_pop_balance": 0.7599, "dist_to_bart_m": 1452.8682018410097, "dist_to_bart_mi": 0.903, "cluster": 0, "prob_cluster_0": 0.62402031692649573, "prob_cluster_1": 2.5660982650939369e-34, "prob_cluster_2": 0.35500657445588568, "prob_cluster_3": 0.020973108617618672 }, "geometry": { "type": "Point", "coordinates": [ -122.2811258, 37.8356703 ] } },
{ "type": "Feature", "properties": { "id": "EM-D2", "start_count": 1185, "end_count": 1262, "combined_count": 2447, "name": "Horton St at 40th St", "lat": 37.8297046, "long": -122.2876102, "buffer_area_m2": 2007391.0339493908, "estimated_pop": 3308, "buffer_area_km2": 2.0074, "pop_per_km2": 1648.1, "buffer_radius_m": 800, "n_blockgroups": 12, "estimated_jobs": 6249, "estimated_activity": 9557, "emp_pop_balance": 1.8889, "dist_to_bart_m": 1827.1470158856396, "dist_to_bart_mi": 1.135, "cluster": 0, "prob_cluster_0": 0.99999842504817005, "prob_cluster_1": 3.8056028666295076e-35, "prob_cluster_2": 1.5749518301367422e-06, "prob_cluster_3": 1.3068189612369399e-36 }, "geometry": { "type": "Point", "coordinates": [ -122.2876102, 37.8297046 ] } },
{ "type": "Feature", "properties": { "id": "EM-D2-2", "start_count": 62, "end_count": 64, "combined_count": 126, "name": "Huchiun Park", "lat": 37.831594107971718, "long": -122.2903389768136, "buffer_area_m2": 2007391.0339493908, "estimated_pop": 2312, "buffer_area_km2": 2.0074, "pop_per_km2": 1151.6, "buffer_radius_m": 800, "n_blockgroups": 11, "estimated_jobs": 6741, "estimated_activity": 9052, "emp_pop_balance": 2.9158, "dist_to_bart_m": 2084.754518880397, "dist_to_bart_mi": 1.295, "cluster": 0, "prob_cluster_0": 0.9999999999999547, "prob_cluster_1": 1.1734852479368896e-37, "prob_cluster_2": 4.5157608087215151e-14, "prob_cluster_3": 2.417335605220389e-98 }, "geometry": { "type": "Point", "coordinates": [ -122.290338976813601, 37.831594107971718 ] } },
{ "type": "Feature", "properties": { "id": "EM-D3", "start_count": 751, "end_count": 860, "combined_count": 1611, "name": "Emeryville Town Hall", "lat": 37.8312752, "long": -122.2856333, "buffer_area_m2": 2007391.0339493908, "estimated_pop": 5444, "buffer_area_km2": 2.0074, "pop_per_km2": 2711.9, "buffer_radius_m": 800, "n_blockgroups": 17, "estimated_jobs": 7371, "estimated_activity": 12815, "emp_pop_balance": 1.354, "dist_to_bart_m": 1669.7625869133158, "dist_to_bart_mi": 1.038, "cluster": 0, "prob_cluster_0": 0.99775019197039527, "prob_cluster_1": 4.1532380093514406e-35, "prob_cluster_2": 0.0022498080296039892, "prob_cluster_3": 7.8717020529319573e-16 }, "geometry": { "type": "Point", "coordinates": [ -122.2856333, 37.8312752 ] } },
{ "type": "Feature", "properties": { "id": "EM-D4", "start_count": 1322, "end_count": 1428, "combined_count": 2750, "name": "Adeline St at 40th St", "lat": 37.8312769, "long": -122.2782669, "buffer_area_m2": 2007391.0339493908, "estimated_pop": 10079, "buffer_area_km2": 2.0074, "pop_per_km2": 5021.1, "buffer_radius_m": 800, "n_blockgroups": 17, "estimated_jobs": 5577, "estimated_activity": 15656, "emp_pop_balance": 0.5533, "dist_to_bart_m": 1032.8630849788344, "dist_to_bart_mi": 0.642, "cluster": 3, "prob_cluster_0": 0.037988149967084821, "prob_cluster_1": 6.2830592538510405e-22, "prob_cluster_2": 0.090880248230815877, "prob_cluster_3": 0.87113160180209925 }, "geometry": { "type": "Point", "coordinates": [ -122.2782669, 37.8312769 ] } },
{ "type": "Feature", "properties": { "id": "OK-A2", "start_count": 1404, "end_count": 1353, "combined_count": 2757, "name": "Telegraph Ave at Alcatraz Ave", "lat": 37.850221874496789, "long": -122.26017236709596, "buffer_area_m2": 2007391.0339493908, "estimated_pop": 11996, "buffer_area_km2": 2.0074, "pop_per_km2": 5975.9, "buffer_radius_m": 800, "n_blockgroups": 16, "estimated_jobs": 5637, "estimated_activity": 17633, "emp_pop_balance": 0.4699, "dist_to_bart_m": 871.86459012274918, "dist_to_bart_mi": 0.542, "cluster": 3, "prob_cluster_0": 0.0093081998823519585, "prob_cluster_1": 1.1615316871618985e-19, "prob_cluster_2": 0.036451408521488114, "prob_cluster_3": 0.95424039159615992 }, "geometry": { "type": "Point", "coordinates": [ -122.260172367095961, 37.850221874496789 ] } },
{ "type": "Feature", "properties": { "id": "OK-A4", "start_count": 1784, "end_count": 1634, "combined_count": 3418, "name": "62nd St at Claremont Ave", "lat": 37.8494355, "long": -122.2525406, "buffer_area_m2": 2007391.0339493908, "estimated_pop": 9709, "buffer_area_km2": 2.0074, "pop_per_km2": 4836.6, "buffer_radius_m": 800, "n_blockgroups": 15, "estimated_jobs": 4259, "estimated_activity": 13968, "emp_pop_balance": 0.4387, "dist_to_bart_m": 554.11694786687269, "dist_to_bart_mi": 0.344, "cluster": 3, "prob_cluster_0": 0.0051389899786724313, "prob_cluster_1": 3.7642902866236172e-15, "prob_cluster_2": 0.0013947074024541256, "prob_cluster_3": 0.9934663026188697 }, "geometry": { "type": "Point", "coordinates": [ -122.2525406, 37.8494355 ] } },
{ "type": "Feature", "properties": { "id": "OK-AA3", "start_count": 467, "end_count": 529, "combined_count": 996, "name": "65th St at San Pablo Ave", "lat": 37.848145908310649, "long": -122.2851545595561, "buffer_area_m2": 2007391.0339493908, "estimated_pop": 9940, "buffer_area_km2": 2.0074, "pop_per_km2": 4951.6, "buffer_radius_m": 800, "n_blockgroups": 17, "estimated_jobs": 5062, "estimated_activity": 15002, "emp_pop_balance": 0.5093, "dist_to_bart_m": 1426.9831388786256, "dist_to_bart_mi": 0.887, "cluster": 3, "prob_cluster_0": 0.097488657763670064, "prob_cluster_1": 1.0496816155252139e-35, "prob_cluster_2": 0.07221814341904198, "prob_cluster_3": 0.83029319881728791 }, "geometry": { "type": "Point", "coordinates": [ -122.285154559556105, 37.848145908310649 ] } },
{ "type": "Feature", "properties": { "id": "OK-B1", "start_count": 1538, "end_count": 1418, "combined_count": 2956, "name": "Alcatraz Ave at Shattuck Ave", "lat": 37.849594967776646, "long": -122.26556897163393, "buffer_area_m2": 2007391.0339493908, "estimated_pop": 12895, "buffer_area_km2": 2.0074, "pop_per_km2": 6423.8, "buffer_radius_m": 800, "n_blockgroups": 19, "estimated_jobs": 4539, "estimated_activity": 17434, "emp_pop_balance": 0.352, "dist_to_bart_m": 477.93391897252621, "dist_to_bart_mi": 0.297, "cluster": 3, "prob_cluster_0": 0.003953524265677512, "prob_cluster_1": 3.7507986069001675e-15, "prob_cluster_2": 0.0023122232992630718, "prob_cluster_3": 0.99373425243505564 }, "geometry": { "type": "Point", "coordinates": [ -122.265568971633925, 37.849594967776646 ] } },
{ "type": "Feature", "properties": { "id": "OK-B2", "start_count": 1395, "end_count": 1270, "combined_count": 2665, "name": "Bushrod Park", "lat": 37.8465156, "long": -122.2653043, "buffer_area_m2": 2007391.0339493908, "estimated_pop": 12478, "buffer_area_km2": 2.0074, "pop_per_km2": 6216.2, "buffer_radius_m": 800, "n_blockgroups": 20, "estimated_jobs": 2725, "estimated_activity": 15203, "emp_pop_balance": 0.2183, "dist_to_bart_m": 758.31491445072004, "dist_to_bart_mi": 0.471, "cluster": 3, "prob_cluster_0": 0.008261044358048605, "prob_cluster_1": 3.9607992896467492e-19, "prob_cluster_2": 0.0098723308940575315, "prob_cluster_3": 0.98186662474789388 }, "geometry": { "type": "Point", "coordinates": [ -122.2653043, 37.8465156 ] } },
{ "type": "Feature", "properties": { "id": "OK-B3", "start_count": 1230, "end_count": 1137, "combined_count": 2367, "name": "Telegraph Ave at 58th St", "lat": 37.8444927, "long": -122.261351, "buffer_area_m2": 2007391.0339493908, "estimated_pop": 11647, "buffer_area_km2": 2.0074, "pop_per_km2": 5802.2, "buffer_radius_m": 800, "n_blockgroups": 19, "estimated_jobs": 2563, "estimated_activity": 14210, "emp_pop_balance": 0.2201, "dist_to_bart_m": 820.6811670365048, "dist_to_bart_mi": 0.51, "cluster": 3, "prob_cluster_0": 0.0089088866952874018, "prob_cluster_1": 4.1464347240491624e-20, "prob_cluster_2": 0.010877037225501759, "prob_cluster_3": 0.98021407607921085 }, "geometry": { "type": "Point", "coordinates": [ -122.261351, 37.8444927 ] } },
{ "type": "Feature", "properties": { "id": "OK-B4", "start_count": 6452, "end_count": 6405, "combined_count": 12857, "name": "Rockridge BART", "lat": 37.844278753990672, "long": -122.251900434494, "buffer_area_m2": 2007391.0339493908, "estimated_pop": 8883, "buffer_area_km2": 2.0074, "pop_per_km2": 4425.1, "buffer_radius_m": 800, "n_blockgroups": 15, "estimated_jobs": 2822, "estimated_activity": 11705, "emp_pop_balance": 0.3177, "dist_to_bart_m": 22.684873845849982, "dist_to_bart_mi": 0.014, "cluster": 3, "prob_cluster_0": 0.006448526204657027, "prob_cluster_1": 5.5376528431011265e-18, "prob_cluster_2": 1.3519845697624927e-06, "prob_cluster_3": 0.99355012181077307 }, "geometry": { "type": "Point", "coordinates": [ -122.251900434494004, 37.844278753990672 ] } },
{ "type": "Feature", "properties": { "id": "OK-B5", "start_count": 1236, "end_count": 988, "combined_count": 2224, "name": "College Ave at Taft Ave", "lat": 37.8417999, "long": -122.2515349, "buffer_area_m2": 2007391.0339493908, "estimated_pop": 8233, "buffer_area_km2": 2.0074, "pop_per_km2": 4101.6, "buffer_radius_m": 800, "n_blockgroups": 14, "estimated_jobs": 2623, "estimated_activity": 10857, "emp_pop_balance": 0.3186, "dist_to_bart_m": 298.08085193081268, "dist_to_bart_mi": 0.185, "cluster": 3, "prob_cluster_0": 0.0057736706281200272, "prob_cluster_1": 1.630584332028261e-15, "prob_cluster_2": 3.7090817120769355e-05, "prob_cluster_3": 0.9941892385547576 }, "geometry": { "type": "Point", "coordinates": [ -122.2515349, 37.8417999 ] } },
{ "type": "Feature", "properties": { "id": "OK-C2", "start_count": 1595, "end_count": 1513, "combined_count": 3108, "name": "Dover St at 57th St", "lat": 37.8426295, "long": -122.267738, "buffer_area_m2": 2007391.0339493908, "estimated_pop": 11474, "buffer_area_km2": 2.0074, "pop_per_km2": 5716.1, "buffer_radius_m": 800, "n_blockgroups": 19, "estimated_jobs": 3523, "estimated_activity": 14997, "emp_pop_balance": 0.307, "dist_to_bart_m": 1097.3127669897624, "dist_to_bart_mi": 0.682, "cluster": 3, "prob_cluster_0": 0.0088214838525159239, "prob_cluster_1": 1.3648240168899236e-26, "prob_cluster_2": 0.020601224840285853, "prob_cluster_3": 0.97057729130719828 }, "geometry": { "type": "Point", "coordinates": [ -122.267738, 37.8426295 ] } },
{ "type": "Feature", "properties": { "id": "OK-C3", "start_count": 1177, "end_count": 1115, "combined_count": 2292, "name": "55th St at Telegraph Ave", "lat": 37.8401858, "long": -122.2618225, "buffer_area_m2": 2007391.0339493908, "estimated_pop": 10705, "buffer_area_km2": 2.0074, "pop_per_km2": 5333.0, "buffer_radius_m": 800, "n_blockgroups": 19, "estimated_jobs": 4002, "estimated_activity": 14708, "emp_pop_balance": 0.3738, "dist_to_bart_m": 983.91344368849491, "dist_to_bart_mi": 0.611, "cluster": 3, "prob_cluster_0": 0.0079397138217341887, "prob_cluster_1": 1.1588681061661889e-22, "prob_cluster_2": 0.016546989565938756, "prob_cluster_3": 0.97551329661232711 }, "geometry": { "type": "Point", "coordinates": [ -122.2618225, 37.8401858 ] } },
{ "type": "Feature", "properties": { "id": "OK-C4", "start_count": 1718, "end_count": 1699, "combined_count": 3417, "name": "Miles Ave at Cavour St", "lat": 37.8388, "long": -122.258732, "buffer_area_m2": 2007391.0339493908, "estimated_pop": 10261, "buffer_area_km2": 2.0074, "pop_per_km2": 5111.5, "buffer_radius_m": 800, "n_blockgroups": 20, "estimated_jobs": 3763, "estimated_activity": 14023, "emp_pop_balance": 0.3667, "dist_to_bart_m": 861.71549328623428, "dist_to_bart_mi": 0.535, "cluster": 3, "prob_cluster_0": 0.0065007888601272667, "prob_cluster_1": 7.9309152308173464e-20, "prob_cluster_2": 0.0088911677209008409, "prob_cluster_3": 0.9846080434189719 }, "geometry": { "type": "Point", "coordinates": [ -122.258732, 37.8388 ] } },
{ "type": "Feature", "properties": { "id": "OK-C5", "start_count": 965, "end_count": 907, "combined_count": 1872, "name": "College Ave at Bryant Ave", "lat": 37.8381269, "long": -122.2512714, "buffer_area_m2": 2007391.0339493908, "estimated_pop": 7687, "buffer_area_km2": 2.0074, "pop_per_km2": 3829.4, "buffer_radius_m": 800, "n_blockgroups": 14, "estimated_jobs": 2444, "estimated_activity": 10132, "emp_pop_balance": 0.318, "dist_to_bart_m": 705.61077368154997, "dist_to_bart_mi": 0.438, "cluster": 3, "prob_cluster_0": 0.0077456264415411607, "prob_cluster_1": 5.657915125529082e-17, "prob_cluster_2": 0.0018040257524448756, "prob_cluster_3": 0.99045034780601393 }, "geometry": { "type": "Point", "coordinates": [ -122.2512714, 37.8381269 ] } },
{ "type": "Feature", "properties": { "id": "OK-D0", "start_count": 366, "end_count": 397, "combined_count": 763, "name": "Lowell St at Stanford Ave", "lat": 37.843252684675363, "long": -122.27698119645331, "buffer_area_m2": 2007391.0339493908, "estimated_pop": 12138, "buffer_area_km2": 2.0074, "pop_per_km2": 6046.5, "buffer_radius_m": 800, "n_blockgroups": 17, "estimated_jobs": 2958, "estimated_activity": 15096, "emp_pop_balance": 0.2437, "dist_to_bart_m": 1200.1219670846665, "dist_to_bart_mi": 0.746, "cluster": 3, "prob_cluster_0": 0.01178097226084507, "prob_cluster_1": 1.3032157658445773e-30, "prob_cluster_2": 0.02511615214715136, "prob_cluster_3": 0.96310287559200358 }, "geometry": { "type": "Point", "coordinates": [ -122.276981196453306, 37.843252684675363 ] } },
{ "type": "Feature", "properties": { "id": "OK-D2", "start_count": 1608, "end_count": 1606, "combined_count": 3214, "name": "Genoa St at 55th St", "lat": 37.8396488, "long": -122.2717561, "buffer_area_m2": 2007391.0339493908, "estimated_pop": 12549, "buffer_area_km2": 2.0074, "pop_per_km2": 6251.6, "buffer_radius_m": 800, "n_blockgroups": 20, "estimated_jobs": 4558, "estimated_activity": 17108, "emp_pop_balance": 0.3632, "dist_to_bart_m": 1249.7473142053993, "dist_to_bart_mi": 0.777, "cluster": 3, "prob_cluster_0": 0.012504660562439403, "prob_cluster_1": 6.4233744033913078e-32, "prob_cluster_2": 0.029752787429184916, "prob_cluster_3": 0.95774255200837566 }, "geometry": { "type": "Point", "coordinates": [ -122.2717561, 37.8396488 ] } },
{ "type": "Feature", "properties": { "id": "OK-D3-1", "start_count": 787, "end_count": 768, "combined_count": 1555, "name": "Shattuck Ave at 55th St", "lat": 37.8403643, "long": -122.2644881, "buffer_area_m2": 2007391.0339493908, "estimated_pop": 10988, "buffer_area_km2": 2.0074, "pop_per_km2": 5473.6, "buffer_radius_m": 800, "n_blockgroups": 18, "estimated_jobs": 4483, "estimated_activity": 15471, "emp_pop_balance": 0.408, "dist_to_bart_m": 1187.0762328408466, "dist_to_bart_mi": 0.738, "cluster": 3, "prob_cluster_0": 0.01479183300001838, "prob_cluster_1": 1.8117761841171905e-28, "prob_cluster_2": 0.032066894823976767, "prob_cluster_3": 0.95314127217600486 }, "geometry": { "type": "Point", "coordinates": [ -122.2644881, 37.8403643 ] } },
{ "type": "Feature", "properties": { "id": "OK-D3-2", "start_count": 618, "end_count": 579, "combined_count": 1197, "name": "52nd St at MLK Jr Way", "lat": 37.837369, "long": -122.267656, "buffer_area_m2": 2007391.0339493908, "estimated_pop": 11807, "buffer_area_km2": 2.0074, "pop_per_km2": 5881.7, "buffer_radius_m": 800, "n_blockgroups": 22, "estimated_jobs": 5157, "estimated_activity": 16964, "emp_pop_balance": 0.4368, "dist_to_bart_m": 922.92748363332873, "dist_to_bart_mi": 0.573, "cluster": 3, "prob_cluster_0": 0.0083351764967838967, "prob_cluster_1": 4.826503471183861e-21, "prob_cluster_2": 0.02832413381907441, "prob_cluster_3": 0.96334068968414166 }, "geometry": { "type": "Point", "coordinates": [ -122.267656, 37.837369 ] } },
{ "type": "Feature", "properties": { "id": "OK-D4", "start_count": 3982, "end_count": 4006, "combined_count": 7988, "name": "Telegraph Ave at 49th St", "lat": 37.83575, "long": -122.262654, "buffer_area_m2": 2007391.0339493908, "estimated_pop": 11154, "buffer_area_km2": 2.0074, "pop_per_km2": 5556.4, "buffer_radius_m": 800, "n_blockgroups": 18, "estimated_jobs": 4973, "estimated_activity": 16127, "emp_pop_balance": 0.4459, "dist_to_bart_m": 828.12586242412078, "dist_to_bart_mi": 0.515, "cluster": 3, "prob_cluster_0": 0.0075408267260256923, "prob_cluster_1": 8.1814939345795589e-19, "prob_cluster_2": 0.016902449046513359, "prob_cluster_3": 0.97555672422746098 }, "geometry": { "type": "Point", "coordinates": [ -122.262654, 37.83575 ] } },
{ "type": "Feature", "properties": { "id": "OK-D5", "start_count": 1737, "end_count": 1476, "combined_count": 3213, "name": "Broadway at Coronado Ave", "lat": 37.8357883, "long": -122.2516207, "buffer_area_m2": 2007391.0339493908, "estimated_pop": 8057, "buffer_area_km2": 2.0074, "pop_per_km2": 4013.9, "buffer_radius_m": 800, "n_blockgroups": 13, "estimated_jobs": 2825, "estimated_activity": 10882, "emp_pop_balance": 0.3506, "dist_to_bart_m": 962.63089321049267, "dist_to_bart_mi": 0.598, "cluster": 3, "prob_cluster_0": 0.010687140798991242, "prob_cluster_1": 3.0087712259206613e-21, "prob_cluster_2": 0.0098074888302378989, "prob_cluster_3": 0.97950537037077079 }, "geometry": { "type": "Point", "coordinates": [ -122.2516207, 37.8357883 ] } },
{ "type": "Feature", "properties": { "id": "OK-E3", "start_count": 531, "end_count": 535, "combined_count": 1066, "name": "45th St at MLK Jr Way", "lat": 37.8335577, "long": -122.2674183, "buffer_area_m2": 2007391.0339493908, "estimated_pop": 11577, "buffer_area_km2": 2.0074, "pop_per_km2": 5767.4, "buffer_radius_m": 800, "n_blockgroups": 19, "estimated_jobs": 4955, "estimated_activity": 16533, "emp_pop_balance": 0.428, "dist_to_bart_m": 499.79782326021285, "dist_to_bart_mi": 0.311, "cluster": 3, "prob_cluster_0": 0.0042807550838905107, "prob_cluster_1": 7.4487584860895063e-15, "prob_cluster_2": 0.0022290709376245128, "prob_cluster_3": 0.9934901739784775 }, "geometry": { "type": "Point", "coordinates": [ -122.2674183, 37.8335577 ] } },
{ "type": "Feature", "properties": { "id": "OK-E4", "start_count": 2511, "end_count": 2540, "combined_count": 5051, "name": "Shattuck Ave at Telegraph Ave", "lat": 37.833538871616042, "long": -122.26369366575599, "buffer_area_m2": 2007391.0339493908, "estimated_pop": 11321, "buffer_area_km2": 2.0074, "pop_per_km2": 5639.5, "buffer_radius_m": 800, "n_blockgroups": 18, "estimated_jobs": 5092, "estimated_activity": 16413, "emp_pop_balance": 0.4498, "dist_to_bart_m": 568.4663566029742, "dist_to_bart_mi": 0.353, "cluster": 3, "prob_cluster_0": 0.0050317526155482751, "prob_cluster_1": 3.4460883157183993e-15, "prob_cluster_2": 0.00397108774251906, "prob_cluster_3": 0.99099715964192925 }, "geometry": { "type": "Point", "coordinates": [ -122.263693665755994, 37.833538871616042 ] } },
{ "type": "Feature", "properties": { "id": "OK-E5", "start_count": 1413, "end_count": 1407, "combined_count": 2820, "name": "45th St at Manila", "lat": 37.833293522232097, "long": -122.25622415542604, "buffer_area_m2": 2007391.0339493908, "estimated_pop": 10475, "buffer_area_km2": 2.0074, "pop_per_km2": 5218.1, "buffer_radius_m": 800, "n_blockgroups": 17, "estimated_jobs": 5373, "estimated_activity": 15848, "emp_pop_balance": 0.5129, "dist_to_bart_m": 1046.7818179158471, "dist_to_bart_mi": 0.65, "cluster": 3, "prob_cluster_0": 0.023989606151923484, "prob_cluster_1": 6.6687322170062612e-23, "prob_cluster_2": 0.062111856670792095, "prob_cluster_3": 0.91389853717728442 }, "geometry": { "type": "Point", "coordinates": [ -122.25622415542604, 37.833293522232097 ] } },
{ "type": "Feature", "properties": { "id": "OK-F2-2", "start_count": 1098, "end_count": 1055, "combined_count": 2153, "name": "Market St at 45th St", "lat": 37.834174, "long": -122.272968, "buffer_area_m2": 2007391.0339493908, "estimated_pop": 11873, "buffer_area_km2": 2.0074, "pop_per_km2": 5914.9, "buffer_radius_m": 800, "n_blockgroups": 19, "estimated_jobs": 4762, "estimated_activity": 16635, "emp_pop_balance": 0.401, "dist_to_bart_m": 780.20029393917014, "dist_to_bart_mi": 0.485, "cluster": 3, "prob_cluster_0": 0.0054427332768112197, "prob_cluster_1": 1.8794185227701476e-18, "prob_cluster_2": 0.012222139042270918, "prob_cluster_3": 0.98233512768091791 }, "geometry": { "type": "Point", "coordinates": [ -122.272968, 37.834174 ] } },
{ "type": "Feature", "properties": { "id": "OK-F3", "start_count": 1125, "end_count": 1037, "combined_count": 2162, "name": "West St at 40th St", "lat": 37.8302232, "long": -122.2709501, "buffer_area_m2": 2007391.0339493908, "estimated_pop": 12431, "buffer_area_km2": 2.0074, "pop_per_km2": 6192.5, "buffer_radius_m": 800, "n_blockgroups": 18, "estimated_jobs": 4326, "estimated_activity": 16756, "emp_pop_balance": 0.348, "dist_to_bart_m": 381.54971318812397, "dist_to_bart_mi": 0.237, "cluster": 3, "prob_cluster_0": 0.0039523043362406658, "prob_cluster_1": 8.570890678164173e-15, "prob_cluster_2": 0.000793109774700903, "prob_cluster_3": 0.99525458588904991 }, "geometry": { "type": "Point", "coordinates": [ -122.2709501, 37.8302232 ] } },
{ "type": "Feature", "properties": { "id": "OK-F4", "start_count": 11300, "end_count": 11277, "combined_count": 22577, "name": "MacArthur BART", "lat": 37.8285951, "long": -122.2663493, "buffer_area_m2": 2007391.0339493908, "estimated_pop": 11305, "buffer_area_km2": 2.0074, "pop_per_km2": 5631.7, "buffer_radius_m": 800, "n_blockgroups": 16, "estimated_jobs": 4558, "estimated_activity": 15863, "emp_pop_balance": 0.4032, "dist_to_bart_m": 69.853584687352836, "dist_to_bart_mi": 0.043, "cluster": 3, "prob_cluster_0": 0.0039637547872169105, "prob_cluster_1": 3.8189834288906024e-16, "prob_cluster_2": 1.7457425666277267e-05, "prob_cluster_3": 0.99601878778711639 }, "geometry": { "type": "Point", "coordinates": [ -122.2663493, 37.8285951 ] } },
{ "type": "Feature", "properties": { "id": "OK-F5", "start_count": 2430, "end_count": 2355, "combined_count": 4785, "name": "Broadway at 40th St", "lat": 37.827933668999997, "long": -122.25665485899999, "buffer_area_m2": 2007391.0339493908, "estimated_pop": 12807, "buffer_area_km2": 2.0074, "pop_per_km2": 6380.1, "buffer_radius_m": 800, "n_blockgroups": 20, "estimated_jobs": 12633, "estimated_activity": 25440, "emp_pop_balance": 0.9863, "dist_to_bart_m": 907.29581231812529, "dist_to_bart_mi": 0.564, "cluster": 2, "prob_cluster_0": 0.0089035217377274722, "prob_cluster_1": 6.5776678026525704e-17, "prob_cluster_2": 0.99109445036513477, "prob_cluster_3": 2.0278971376491836e-06 }, "geometry": { "type": "Point", "coordinates": [ -122.256654859, 37.827933669 ] } },
{ "type": "Feature", "properties": { "id": "OK-F5-1", "start_count": 224, "end_count": 202, "combined_count": 426, "name": "Webster St at 40th St", "lat": 37.828783035000001, "long": -122.26074624100001, "buffer_area_m2": 2007391.0339493908, "estimated_pop": 11434, "buffer_area_km2": 2.0074, "pop_per_km2": 5696.2, "buffer_radius_m": 800, "n_blockgroups": 20, "estimated_jobs": 10056, "estimated_activity": 21491, "emp_pop_balance": 0.8795, "dist_to_bart_m": 539.32175558215351, "dist_to_bart_mi": 0.335, "cluster": 2, "prob_cluster_0": 0.08802840530548392, "prob_cluster_1": 1.0310040174844387e-10, "prob_cluster_2": 0.90493946606479603, "prob_cluster_3": 0.007032128526619769 }, "geometry": { "type": "Point", "coordinates": [ -122.260746241, 37.828783035 ] } },
{ "type": "Feature", "properties": { "id": "OK-F6", "start_count": 4670, "end_count": 4593, "combined_count": 9263, "name": "40th St at Piedmont Ave", "lat": 37.825785004382006, "long": -122.25346968515623, "buffer_area_m2": 2007391.0339493908, "estimated_pop": 13630, "buffer_area_km2": 2.0074, "pop_per_km2": 6790.1, "buffer_radius_m": 800, "n_blockgroups": 23, "estimated_jobs": 12232, "estimated_activity": 25862, "emp_pop_balance": 0.8974, "dist_to_bart_m": 1233.9712519848918, "dist_to_bart_mi": 0.767, "cluster": 2, "prob_cluster_0": 0.038764267418022469, "prob_cluster_1": 1.0404060629621642e-27, "prob_cluster_2": 0.96119478282260118, "prob_cluster_3": 4.0949759376188467e-05 }, "geometry": { "type": "Point", "coordinates": [ -122.253469685156233, 37.825785004382006 ] } },
{ "type": "Feature", "properties": { "id": "OK-G2", "start_count": 1399, "end_count": 1399, "combined_count": 2798, "name": "Market St at 40th St", "lat": 37.8305452, "long": -122.2739367, "buffer_area_m2": 2007391.0339493908, "estimated_pop": 12019, "buffer_area_km2": 2.0074, "pop_per_km2": 5987.3, "buffer_radius_m": 800, "n_blockgroups": 19, "estimated_jobs": 4291, "estimated_activity": 16310, "emp_pop_balance": 0.3571, "dist_to_bart_m": 643.5015964540454, "dist_to_bart_mi": 0.4, "cluster": 3, "prob_cluster_0": 0.0043407683382293101, "prob_cluster_1": 1.0387253879023358e-16, "prob_cluster_2": 0.0047284747972070832, "prob_cluster_3": 0.99093075686456344 }, "geometry": { "type": "Point", "coordinates": [ -122.2739367, 37.8305452 ] } },
{ "type": "Feature", "properties": { "id": "OK-G3", "start_count": 934, "end_count": 938, "combined_count": 1872, "name": "37th St at West St", "lat": 37.826695586409677, "long": -122.27179706096648, "buffer_area_m2": 2007391.0339493908, "estimated_pop": 12643, "buffer_area_km2": 2.0074, "pop_per_km2": 6298.2, "buffer_radius_m": 800, "n_blockgroups": 18, "estimated_jobs": 3309, "estimated_activity": 15951, "emp_pop_balance": 0.2617, "dist_to_bart_m": 508.13627951538251, "dist_to_bart_mi": 0.316, "cluster": 3, "prob_cluster_0": 0.005822647747393171, "prob_cluster_1": 7.9645263142960033e-16, "prob_cluster_2": 0.0020918221543963817, "prob_cluster_3": 0.99208553009820966 }, "geometry": { "type": "Point", "coordinates": [ -122.271797060966477, 37.826695586409677 ] } },
{ "type": "Feature", "properties": { "id": "OK-G4", "start_count": 1066, "end_count": 959, "combined_count": 2025, "name": "MacArthur Blvd at Telegraph Ave", "lat": 37.8262863, "long": -122.2651002, "buffer_area_m2": 2007391.0339493908, "estimated_pop": 10802, "buffer_area_km2": 2.0074, "pop_per_km2": 5381.0, "buffer_radius_m": 800, "n_blockgroups": 19, "estimated_jobs": 7817, "estimated_activity": 18619, "emp_pop_balance": 0.7237, "dist_to_bart_m": 346.12388621035478, "dist_to_bart_mi": 0.215, "cluster": 3, "prob_cluster_0": 0.09414642159473996, "prob_cluster_1": 3.2803391966595887e-11, "prob_cluster_2": 0.05449233039783679, "prob_cluster_3": 0.85136124797461998 }, "geometry": { "type": "Point", "coordinates": [ -122.2651002, 37.8262863 ] } },
{ "type": "Feature", "properties": { "id": "OK-G5", "start_count": 1470, "end_count": 1500, "combined_count": 2970, "name": "Mosswood Park", "lat": 37.824892529951121, "long": -122.26043654610294, "buffer_area_m2": 2007391.0339493908, "estimated_pop": 11579, "buffer_area_km2": 2.0074, "pop_per_km2": 5768.0, "buffer_radius_m": 800, "n_blockgroups": 20, "estimated_jobs": 14624, "estimated_activity": 26202, "emp_pop_balance": 1.263, "dist_to_bart_m": 731.60923406142933, "dist_to_bart_mi": 0.455, "cluster": 2, "prob_cluster_0": 0.0039805683200524094, "prob_cluster_1": 1.8499691132114308e-11, "prob_cluster_2": 0.99601943165722406, "prob_cluster_3": 4.2239853034251556e-12 }, "geometry": { "type": "Point", "coordinates": [ -122.260436546102937, 37.824892529951121 ] } },
{ "type": "Feature", "properties": { "id": "OK-G6", "start_count": 1061, "end_count": 1065, "combined_count": 2126, "name": "Piedmont Ave at MacArthur Blvd", "lat": 37.823143222649385, "long": -122.2569505732544, "buffer_area_m2": 2007391.0339493908, "estimated_pop": 14244, "buffer_area_km2": 2.0074, "pop_per_km2": 7095.8, "buffer_radius_m": 800, "n_blockgroups": 22, "estimated_jobs": 13730, "estimated_activity": 27974, "emp_pop_balance": 0.9639, "dist_to_bart_m": 1092.8183865625535, "dist_to_bart_mi": 0.679, "cluster": 2, "prob_cluster_0": 0.0062395083728959515, "prob_cluster_1": 5.2447923861184889e-23, "prob_cluster_2": 0.99375959092405763, "prob_cluster_3": 9.0070304635837969e-07 }, "geometry": { "type": "Point", "coordinates": [ -122.2569505732544, 37.823143222649385 ] } },
{ "type": "Feature", "properties": { "id": "OK-H15", "start_count": 77, "end_count": 88, "combined_count": 165, "name": "Fruitvale Ave at MacArthur Blvd", "lat": 37.80062512497625, "long": -122.21611092147261, "buffer_area_m2": 2007391.0339493908, "estimated_pop": 9889, "buffer_area_km2": 2.0074, "pop_per_km2": 4926.2, "buffer_radius_m": 800, "n_blockgroups": 17, "estimated_jobs": 1919, "estimated_activity": 11808, "emp_pop_balance": 0.194, "dist_to_bart_m": 2928.7509139816907, "dist_to_bart_mi": 1.82, "cluster": 0, "prob_cluster_0": 0.98366820891232265, "prob_cluster_1": 5.5710123415740621e-149, "prob_cluster_2": 6.8643186183760953e-10, "prob_cluster_3": 0.016331790401245865 }, "geometry": { "type": "Point", "coordinates": [ -122.216110921472605, 37.80062512497625 ] } },
{ "type": "Feature", "properties": { "id": "OK-H16", "start_count": 15, "end_count": 12, "combined_count": 27, "name": "MacArthur Blvd at Hopkins Pl", "lat": 37.798524022000002, "long": -122.2080791, "buffer_area_m2": 2007391.0339493908, "estimated_pop": 9971, "buffer_area_km2": 2.0074, "pop_per_km2": 4967.0, "buffer_radius_m": 800, "n_blockgroups": 16, "estimated_jobs": 1515, "estimated_activity": 11486, "emp_pop_balance": 0.152, "dist_to_bart_m": 2976.1109945421649, "dist_to_bart_mi": 1.849, "cluster": 0, "prob_cluster_0": 0.98693629496029245, "prob_cluster_1": 2.0568631883365197e-154, "prob_cluster_2": 3.112998204279688e-10, "prob_cluster_3": 0.013063704728407436 }, "geometry": { "type": "Point", "coordinates": [ -122.2080791, 37.798524022 ] } },
{ "type": "Feature", "properties": { "id": "OK-H2", "start_count": 1490, "end_count": 1495, "combined_count": 2985, "name": "32nd St at Adeline St", "lat": 37.8238474, "long": -122.2811926, "buffer_area_m2": 2007391.0339493908, "estimated_pop": 8748, "buffer_area_km2": 2.0074, "pop_per_km2": 4357.7, "buffer_radius_m": 800, "n_blockgroups": 14, "estimated_jobs": 2450, "estimated_activity": 11198, "emp_pop_balance": 0.2801, "dist_to_bart_m": 1388.0629761530854, "dist_to_bart_mi": 0.863, "cluster": 3, "prob_cluster_0": 0.028029896679165483, "prob_cluster_1": 2.4802487050095166e-35, "prob_cluster_2": 0.028440772011200238, "prob_cluster_3": 0.94352933130963434 }, "geometry": { "type": "Point", "coordinates": [ -122.2811926, 37.8238474 ] } },
{ "type": "Feature", "properties": { "id": "OK-H2-2", "start_count": 228, "end_count": 261, "combined_count": 489, "name": "Brockhurst St at San Pablo Ave", "lat": 37.823522790214049, "long": -122.27718830108644, "buffer_area_m2": 2007391.0339493908, "estimated_pop": 11254, "buffer_area_km2": 2.0074, "pop_per_km2": 5606.4, "buffer_radius_m": 800, "n_blockgroups": 15, "estimated_jobs": 2573, "estimated_activity": 13827, "emp_pop_balance": 0.2286, "dist_to_bart_m": 1097.7953441661718, "dist_to_bart_mi": 0.682, "cluster": 3, "prob_cluster_0": 0.011691633307024291, "prob_cluster_1": 7.3532867276869602e-27, "prob_cluster_2": 0.023343801612950053, "prob_cluster_3": 0.9649645650800257 }, "geometry": { "type": "Point", "coordinates": [ -122.27718830108644, 37.823522790214049 ] } },
{ "type": "Feature", "properties": { "id": "OK-H3-2", "start_count": 944, "end_count": 965, "combined_count": 1909, "name": "West St at Brockhurst St", "lat": 37.822683859450208, "long": -122.27292420364392, "buffer_area_m2": 2007391.0339493908, "estimated_pop": 11688, "buffer_area_km2": 2.0074, "pop_per_km2": 5822.3, "buffer_radius_m": 800, "n_blockgroups": 17, "estimated_jobs": 4656, "estimated_activity": 16344, "emp_pop_balance": 0.3984, "dist_to_bart_m": 887.31549582277103, "dist_to_bart_mi": 0.551, "cluster": 3, "prob_cluster_0": 0.0065123498561514542, "prob_cluster_1": 1.5467481833404287e-20, "prob_cluster_2": 0.017567565045872452, "prob_cluster_3": 0.97592008509797612 }, "geometry": { "type": "Point", "coordinates": [ -122.272924203643925, 37.822683859450208 ] } },
{ "type": "Feature", "properties": { "id": "OK-H4-3", "start_count": 904, "end_count": 765, "combined_count": 1669, "name": "34th St at Telegraph Ave", "lat": 37.822467677145127, "long": -122.26597130298616, "buffer_area_m2": 2007391.0339493908, "estimated_pop": 11694, "buffer_area_km2": 2.0074, "pop_per_km2": 5825.3, "buffer_radius_m": 800, "n_blockgroups": 18, "estimated_jobs": 7613, "estimated_activity": 19307, "emp_pop_balance": 0.6511, "dist_to_bart_m": 737.27405919187004, "dist_to_bart_mi": 0.458, "cluster": 3, "prob_cluster_0": 0.050607108997368713, "prob_cluster_1": 5.1313736245946294e-15, "prob_cluster_2": 0.30011896832482099, "prob_cluster_3": 0.64927392267780526 }, "geometry": { "type": "Point", "coordinates": [ -122.265971302986159, 37.822467677145127 ] } },
{ "type": "Feature", "properties": { "id": "OK-H5", "start_count": 4106, "end_count": 3957, "combined_count": 8063, "name": "Broadway at 30th St", "lat": 37.8193814, "long": -122.2619284, "buffer_area_m2": 2007391.0339493908, "estimated_pop": 13636, "buffer_area_km2": 2.0074, "pop_per_km2": 6792.9, "buffer_radius_m": 800, "n_blockgroups": 20, "estimated_jobs": 11630, "estimated_activity": 25266, "emp_pop_balance": 0.8529, "dist_to_bart_m": 1159.9092794903111, "dist_to_bart_mi": 0.721, "cluster": 2, "prob_cluster_0": 0.030234034268341349, "prob_cluster_1": 2.3195632648997491e-25, "prob_cluster_2": 0.96951989417578699, "prob_cluster_3": 0.00024607155587189408 }, "geometry": { "type": "Point", "coordinates": [ -122.2619284, 37.8193814 ] } },
{ "type": "Feature", "properties": { "id": "OK-H9-1", "start_count": 3307, "end_count": 3598, "combined_count": 6905, "name": "Grand Ave at Santa Clara Ave", "lat": 37.8127441, "long": -122.2472152, "buffer_area_m2": 2007391.0339493908, "estimated_pop": 15384, "buffer_area_km2": 2.0074, "pop_per_km2": 7663.8, "buffer_radius_m": 800, "n_blockgroups": 23, "estimated_jobs": 3474, "estimated_activity": 18858, "emp_pop_balance": 0.2258, "dist_to_bart_m": 1864.7420430769105, "dist_to_bart_mi": 1.159, "cluster": 3, "prob_cluster_0": 0.058132527804164828, "prob_cluster_1": 4.5853591253029162e-66, "prob_cluster_2": 0.0011619906373650278, "prob_cluster_3": 0.94070548155847022 }, "geometry": { "type": "Point", "coordinates": [ -122.2472152, 37.8127441 ] } },
{ "type": "Feature", "properties": { "id": "OK-H9-2", "start_count": 1830, "end_count": 1906, "combined_count": 3736, "name": "Lakeshore Ave at Trestle Glen Rd", "lat": 37.811160088000001, "long": -122.243251562, "buffer_area_m2": 2007391.0339493908, "estimated_pop": 11734, "buffer_area_km2": 2.0074, "pop_per_km2": 5845.6, "buffer_radius_m": 800, "n_blockgroups": 21, "estimated_jobs": 2616, "estimated_activity": 14351, "emp_pop_balance": 0.223, "dist_to_bart_m": 2179.7003899145539, "dist_to_bart_mi": 1.354, "cluster": 3, "prob_cluster_0": 0.28417112481876761, "prob_cluster_1": 8.445427518446527e-84, "prob_cluster_2": 0.00017821874447025978, "prob_cluster_3": 0.71565065643676196 }, "geometry": { "type": "Point", "coordinates": [ -122.243251562, 37.811160088 ] } },
{ "type": "Feature", "properties": { "id": "OK-I3", "start_count": 559, "end_count": 521, "combined_count": 1080, "name": "27th St at San Pablo Ave", "lat": 37.817886105449404, "long": -122.27595852149544, "buffer_area_m2": 2007391.0339493908, "estimated_pop": 11810, "buffer_area_km2": 2.0074, "pop_per_km2": 5883.1, "buffer_radius_m": 800, "n_blockgroups": 18, "estimated_jobs": 4118, "estimated_activity": 15927, "emp_pop_balance": 0.3487, "dist_to_bart_m": 1197.6808008581952, "dist_to_bart_mi": 0.744, "cluster": 3, "prob_cluster_0": 0.011051224089091595, "prob_cluster_1": 1.0178886922568297e-29, "prob_cluster_2": 0.0258782003978472, "prob_cluster_3": 0.96307057551306119 }, "geometry": { "type": "Point", "coordinates": [ -122.27595852149544, 37.817886105449404 ] } },
{ "type": "Feature", "properties": { "id": "OK-I4", "start_count": 406, "end_count": 380, "combined_count": 786, "name": "MLK Jr Way at 27th St", "lat": 37.817350256930574, "long": -122.27147850614034, "buffer_area_m2": 2007391.0339493908, "estimated_pop": 13051, "buffer_area_km2": 2.0074, "pop_per_km2": 6501.3, "buffer_radius_m": 800, "n_blockgroups": 21, "estimated_jobs": 9096, "estimated_activity": 22147, "emp_pop_balance": 0.697, "dist_to_bart_m": 977.97552666748095, "dist_to_bart_mi": 0.608, "cluster": 2, "prob_cluster_0": 0.044733597333521551, "prob_cluster_1": 2.5105602560309141e-20, "prob_cluster_2": 0.86805950316035663, "prob_cluster_3": 0.087206899506121816 }, "geometry": { "type": "Point", "coordinates": [ -122.27147850614034, 37.817350256930574 ] } },
{ "type": "Feature", "properties": { "id": "OK-I5", "start_count": 2397, "end_count": 2341, "combined_count": 4738, "name": "Telegraph Ave at 27th St", "lat": 37.816073115011406, "long": -122.26788640022278, "buffer_area_m2": 2007391.0339493908, "estimated_pop": 14111, "buffer_area_km2": 2.0074, "pop_per_km2": 7029.7, "buffer_radius_m": 800, "n_blockgroups": 23, "estimated_jobs": 18542, "estimated_activity": 32653, "emp_pop_balance": 1.314, "dist_to_bart_m": 787.56200324375845, "dist_to_bart_mi": 0.489, "cluster": 2, "prob_cluster_0": 5.716620452725894e-05, "prob_cluster_1": 2.5646523714072053e-13, "prob_cluster_2": 0.99994283379521565, "prob_cluster_3": 6.5971036452094149e-16 }, "geometry": { "type": "Point", "coordinates": [ -122.267886400222778, 37.816073115011406 ] } },
{ "type": "Feature", "properties": { "id": "OK-I6", "start_count": 5881, "end_count": 5925, "combined_count": 11806, "name": "Bay Pl at Vernon St", "lat": 37.812250218726369, "long": -122.2607185732995, "buffer_area_m2": 2007391.0339493908, "estimated_pop": 16193, "buffer_area_km2": 2.0074, "pop_per_km2": 8066.9, "buffer_radius_m": 800, "n_blockgroups": 20, "estimated_jobs": 22477, "estimated_activity": 38671, "emp_pop_balance": 1.388, "dist_to_bart_m": 726.06705259914611, "dist_to_bart_mi": 0.451, "cluster": 2, "prob_cluster_0": 4.2036909704347159e-07, "prob_cluster_1": 1.4171559414305905e-12, "prob_cluster_2": 0.9999995796294856, "prob_cluster_3": 1.3620982351063699e-20 }, "geometry": { "type": "Point", "coordinates": [ -122.260718573299499, 37.812250218726369 ] } },
{ "type": "Feature", "properties": { "id": "OK-I6-2", "start_count": 1154, "end_count": 1126, "combined_count": 2280, "name": "26th St at Broadway", "lat": 37.814824064138662, "long": -122.26424569694971, "buffer_area_m2": 2007391.0339493908, "estimated_pop": 15193, "buffer_area_km2": 2.0074, "pop_per_km2": 7568.4, "buffer_radius_m": 800, "n_blockgroups": 20, "estimated_jobs": 22897, "estimated_activity": 38090, "emp_pop_balance": 1.5071, "dist_to_bart_m": 722.73725922172071, "dist_to_bart_mi": 0.449, "cluster": 2, "prob_cluster_0": 4.7631038196873481e-07, "prob_cluster_1": 1.3719553436832594e-11, "prob_cluster_2": 0.99999952367589828, "prob_cluster_3": 6.6308200422954529e-24 }, "geometry": { "type": "Point", "coordinates": [ -122.264245696949715, 37.814824064138662 ] } },
{ "type": "Feature", "properties": { "id": "OK-I8", "start_count": 5087, "end_count": 5163, "combined_count": 10250, "name": "Grand Ave at Perkins St", "lat": 37.80889393398715, "long": -122.25646018981932, "buffer_area_m2": 2007391.0339493908, "estimated_pop": 14265, "buffer_area_km2": 2.0074, "pop_per_km2": 7106.3, "buffer_radius_m": 800, "n_blockgroups": 25, "estimated_jobs": 10627, "estimated_activity": 24892, "emp_pop_balance": 0.745, "dist_to_bart_m": 1003.5022945438488, "dist_to_bart_mi": 0.624, "cluster": 2, "prob_cluster_0": 0.018172201696939387, "prob_cluster_1": 2.0223309207912096e-21, "prob_cluster_2": 0.9737675579082431, "prob_cluster_3": 0.0080602403948172828 }, "geometry": { "type": "Point", "coordinates": [ -122.256460189819322, 37.80889393398715 ] } },
{ "type": "Feature", "properties": { "id": "OK-I9", "start_count": 5324, "end_count": 5738, "combined_count": 11062, "name": "El Embarcadero at Grand Ave", "lat": 37.808715, "long": -122.2492512, "buffer_area_m2": 2007391.0339493908, "estimated_pop": 14448, "buffer_area_km2": 2.0074, "pop_per_km2": 7197.3, "buffer_radius_m": 800, "n_blockgroups": 22, "estimated_jobs": 3562, "estimated_activity": 18010, "emp_pop_balance": 0.2465, "dist_to_bart_m": 1638.3204991620405, "dist_to_bart_mi": 1.018, "cluster": 3, "prob_cluster_0": 0.029051923389021749, "prob_cluster_1": 1.0412451713481726e-51, "prob_cluster_2": 0.0067746811512657285, "prob_cluster_3": 0.96417339545971248 }, "geometry": { "type": "Point", "coordinates": [ -122.2492512, 37.808715 ] } },
{ "type": "Feature", "properties": { "id": "OK-J3", "start_count": 870, "end_count": 867, "combined_count": 1737, "name": "24th St at Market St", "lat": 37.8160598, "long": -122.2782444, "buffer_area_m2": 2007391.0339493908, "estimated_pop": 11404, "buffer_area_km2": 2.0074, "pop_per_km2": 5680.9, "buffer_radius_m": 800, "n_blockgroups": 19, "estimated_jobs": 3455, "estimated_activity": 14859, "emp_pop_balance": 0.3029, "dist_to_bart_m": 1172.3362023618138, "dist_to_bart_mi": 0.728, "cluster": 3, "prob_cluster_0": 0.010426786087001693, "prob_cluster_1": 6.1978792353145365e-29, "prob_cluster_2": 0.022350767250368223, "prob_cluster_3": 0.96722244666263002 }, "geometry": { "type": "Point", "coordinates": [ -122.2782444, 37.8160598 ] } },
{ "type": "Feature", "properties": { "id": "OK-J4", "start_count": 363, "end_count": 346, "combined_count": 709, "name": "Isabella St at San Pablo Ave", "lat": 37.814988230424163, "long": -122.2748440504074, "buffer_area_m2": 2007391.0339493908, "estimated_pop": 13662, "buffer_area_km2": 2.0074, "pop_per_km2": 6806.0, "buffer_radius_m": 800, "n_blockgroups": 19, "estimated_jobs": 7006, "estimated_activity": 20668, "emp_pop_balance": 0.5128, "dist_to_bart_m": 880.07483684174747, "dist_to_bart_mi": 0.547, "cluster": 3, "prob_cluster_0": 0.013055747608202807, "prob_cluster_1": 9.2116496332960026e-20, "prob_cluster_2": 0.14170491813396027, "prob_cluster_3": 0.84523933425783693 }, "geometry": { "type": "Point", "coordinates": [ -122.274844050407395, 37.814988230424163 ] } },
{ "type": "Feature", "properties": { "id": "OK-J5", "start_count": 2827, "end_count": 2975, "combined_count": 5802, "name": "23rd St at Telegraph Ave", "lat": 37.812581085817413, "long": -122.26857304573061, "buffer_area_m2": 2007391.0339493908, "estimated_pop": 13690, "buffer_area_km2": 2.0074, "pop_per_km2": 6819.6, "buffer_radius_m": 800, "n_blockgroups": 24, "estimated_jobs": 33633, "estimated_activity": 47323, "emp_pop_balance": 2.4569, "dist_to_bart_m": 405.00481260193487, "dist_to_bart_mi": 0.252, "cluster": 2, "prob_cluster_0": 6.9130701572331101e-13, "prob_cluster_1": 0.0050183512811762645, "prob_cluster_2": 0.99498164871813233, "prob_cluster_3": 1.2352094042323795e-70 }, "geometry": { "type": "Point", "coordinates": [ -122.268573045730605, 37.812581085817413 ] } },
{ "type": "Feature", "properties": { "id": "OK-J6-1", "start_count": 4884, "end_count": 4991, "combined_count": 9875, "name": "Grand Ave at Webster St", "lat": 37.8113768, "long": -122.2651925, "buffer_area_m2": 2007391.0339493908, "estimated_pop": 15348, "buffer_area_km2": 2.0074, "pop_per_km2": 7645.7, "buffer_radius_m": 800, "n_blockgroups": 23, "estimated_jobs": 35227, "estimated_activity": 50574, "emp_pop_balance": 2.2952, "dist_to_bart_m": 355.14070233236799, "dist_to_bart_mi": 0.221, "cluster": 2, "prob_cluster_0": 1.181690803816662e-14, "prob_cluster_1": 0.0024522617161783235, "prob_cluster_2": 0.9975477382838096, "prob_cluster_3": 2.0974784614665524e-64 }, "geometry": { "type": "Point", "coordinates": [ -122.2651925, 37.8113768 ] } },
{ "type": "Feature", "properties": { "id": "OK-J6-2", "start_count": 1955, "end_count": 1962, "combined_count": 3917, "name": "Snow Park", "lat": 37.807813182179032, "long": -122.26449608802795, "buffer_area_m2": 2007391.0339493908, "estimated_pop": 14470, "buffer_area_km2": 2.0074, "pop_per_km2": 7208.1, "buffer_radius_m": 800, "n_blockgroups": 25, "estimated_jobs": 51801, "estimated_activity": 66270, "emp_pop_balance": 3.58, "dist_to_bart_m": 322.91926855582847, "dist_to_bart_mi": 0.201, "cluster": 1, "prob_cluster_0": 9.5933648385049985e-31, "prob_cluster_1": 0.99988143272120744, "prob_cluster_2": 0.00011856727879260687, "prob_cluster_3": 1.3727544189237781e-171 }, "geometry": { "type": "Point", "coordinates": [ -122.264496088027954, 37.807813182179032 ] } },
{ "type": "Feature", "properties": { "id": "OK-J9", "start_count": 969, "end_count": 981, "combined_count": 1950, "name": "Brooklyn Ave at Lakeshore Ave", "lat": 37.805132884810568, "long": -122.25036793093621, "buffer_area_m2": 2007391.0339493908, "estimated_pop": 13821, "buffer_area_km2": 2.0074, "pop_per_km2": 6884.9, "buffer_radius_m": 800, "n_blockgroups": 23, "estimated_jobs": 3010, "estimated_activity": 16831, "emp_pop_balance": 0.2178, "dist_to_bart_m": 1536.1960473828697, "dist_to_bart_mi": 0.955, "cluster": 3, "prob_cluster_0": 0.024156333882841614, "prob_cluster_1": 4.5924197596291953e-46, "prob_cluster_2": 0.012897039037518588, "prob_cluster_3": 0.96294662707963974 }, "geometry": { "type": "Point", "coordinates": [ -122.250367930936207, 37.805132884810568 ] } },
{ "type": "Feature", "properties": { "id": "OK-K1", "start_count": 2188, "end_count": 2311, "combined_count": 4499, "name": "Raimondi Park", "lat": 37.81493053721438, "long": -122.29295340721799, "buffer_area_m2": 2007391.0339493908, "estimated_pop": 4857, "buffer_area_km2": 2.0074, "pop_per_km2": 2419.6, "buffer_radius_m": 800, "n_blockgroups": 12, "estimated_jobs": 1948, "estimated_activity": 6805, "emp_pop_balance": 0.401, "dist_to_bart_m": 1117.8747729157019, "dist_to_bart_mi": 0.695, "cluster": 3, "prob_cluster_0": 0.038528040503367313, "prob_cluster_1": 7.4666107569020657e-23, "prob_cluster_2": 0.023620221165523834, "prob_cluster_3": 0.93785173833110891 }, "geometry": { "type": "Point", "coordinates": [ -122.292953407217993, 37.81493053721438 ] } },
{ "type": "Feature", "properties": { "id": "OK-K1-2", "start_count": 1893, "end_count": 2030, "combined_count": 3923, "name": "Mandela Parkway at W Grand Ave", "lat": 37.815638065000002, "long": -122.28943896299999, "buffer_area_m2": 2007391.0339493908, "estimated_pop": 5713, "buffer_area_km2": 2.0074, "pop_per_km2": 2846.1, "buffer_radius_m": 800, "n_blockgroups": 13, "estimated_jobs": 2101, "estimated_activity": 7814, "emp_pop_balance": 0.3678, "dist_to_bart_m": 1285.266105141171, "dist_to_bart_mi": 0.799, "cluster": 3, "prob_cluster_0": 0.045325909576740736, "prob_cluster_1": 1.2392722435884646e-28, "prob_cluster_2": 0.038341766313866342, "prob_cluster_3": 0.91633232410939314 }, "geometry": { "type": "Point", "coordinates": [ -122.289438963, 37.815638065 ] } },
{ "type": "Feature", "properties": { "id": "OK-K10", "start_count": 2486, "end_count": 2298, "combined_count": 4784, "name": "21st St at 5th Ave", "lat": 37.800459411713945, "long": -122.24745869636536, "buffer_area_m2": 2007391.0339493908, "estimated_pop": 18121, "buffer_area_km2": 2.0074, "pop_per_km2": 9027.4, "buffer_radius_m": 800, "n_blockgroups": 23, "estimated_jobs": 2036, "estimated_activity": 20158, "emp_pop_balance": 0.1124, "dist_to_bart_m": 1567.0971712504854, "dist_to_bart_mi": 0.974, "cluster": 3, "prob_cluster_0": 0.038423738352064175, "prob_cluster_1": 7.3487192707320594e-51, "prob_cluster_2": 0.014086730492505384, "prob_cluster_3": 0.94748953115543044 }, "geometry": { "type": "Point", "coordinates": [ -122.247458696365356, 37.800459411713945 ] } },
{ "type": "Feature", "properties": { "id": "OK-K11", "start_count": 216, "end_count": 191, "combined_count": 407, "name": "11th Ave at 19th St", "lat": 37.794565813816412, "long": -122.24442771710704, "buffer_area_m2": 2007391.0339493908, "estimated_pop": 17191, "buffer_area_km2": 2.0074, "pop_per_km2": 8563.7, "buffer_radius_m": 800, "n_blockgroups": 24, "estimated_jobs": 1970, "estimated_activity": 19161, "emp_pop_balance": 0.1146, "dist_to_bart_m": 1823.6523455435286, "dist_to_bart_mi": 1.133, "cluster": 3, "prob_cluster_0": 0.069706204229955618, "prob_cluster_1": 3.219193181602155e-65, "prob_cluster_2": 0.0021591772117628551, "prob_cluster_3": 0.92813461855828161 }, "geometry": { "type": "Point", "coordinates": [ -122.244427717107044, 37.794565813816412 ] } },
{ "type": "Feature", "properties": { "id": "OK-K14", "start_count": 17, "end_count": 13, "combined_count": 30, "name": "E 21st St at 23rd Ave", "lat": 37.788560663436911, "long": -122.2315811650537, "buffer_area_m2": 2007391.0339493908, "estimated_pop": 18832, "buffer_area_km2": 2.0074, "pop_per_km2": 9381.2, "buffer_radius_m": 800, "n_blockgroups": 24, "estimated_jobs": 1932, "estimated_activity": 20764, "emp_pop_balance": 0.1026, "dist_to_bart_m": 1619.6174923005981, "dist_to_bart_mi": 1.006, "cluster": 3, "prob_cluster_0": 0.045399618337490365, "prob_cluster_1": 3.4884293660241274e-54, "prob_cluster_2": 0.010153860512307759, "prob_cluster_3": 0.94444652115020189 }, "geometry": { "type": "Point", "coordinates": [ -122.231581165053697, 37.788560663436911 ] } },
{ "type": "Feature", "properties": { "id": "OK-K17", "start_count": 87, "end_count": 71, "combined_count": 158, "name": "Foothill Blvd at Harrington Ave", "lat": 37.77993, "long": -122.2177284, "buffer_area_m2": 2007391.0339493908, "estimated_pop": 17221, "buffer_area_km2": 2.0074, "pop_per_km2": 8578.7, "buffer_radius_m": 800, "n_blockgroups": 19, "estimated_jobs": 2532, "estimated_activity": 19753, "emp_pop_balance": 0.1471, "dist_to_bart_m": 803.64603537596804, "dist_to_bart_mi": 0.499, "cluster": 3, "prob_cluster_0": 0.014629916032481835, "prob_cluster_1": 4.804296477152271e-21, "prob_cluster_2": 0.05611025324904477, "prob_cluster_3": 0.92925983071847351 }, "geometry": { "type": "Point", "coordinates": [ -122.2177284, 37.77993 ] } },
{ "type": "Feature", "properties": { "id": "OK-K2", "start_count": 1152, "end_count": 1148, "combined_count": 2300, "name": "DeFremery Park", "lat": 37.8123315, "long": -122.2851712, "buffer_area_m2": 2007391.0339493908, "estimated_pop": 9271, "buffer_area_km2": 2.0074, "pop_per_km2": 4618.3, "buffer_radius_m": 800, "n_blockgroups": 14, "estimated_jobs": 2505, "estimated_activity": 11775, "emp_pop_balance": 0.2702, "dist_to_bart_m": 1204.8865600297811, "dist_to_bart_mi": 0.749, "cluster": 3, "prob_cluster_0": 0.016028458422261842, "prob_cluster_1": 4.8092054037923685e-29, "prob_cluster_2": 0.024080398723277895, "prob_cluster_3": 0.95989114285446031 }, "geometry": { "type": "Point", "coordinates": [ -122.2851712, 37.8123315 ] } },
{ "type": "Feature", "properties": { "id": "OK-K3", "start_count": 1134, "end_count": 1104, "combined_count": 2238, "name": "Marston Campbell Park", "lat": 37.8098236, "long": -122.2801923, "buffer_area_m2": 2007391.0339493908, "estimated_pop": 12255, "buffer_area_km2": 2.0074, "pop_per_km2": 6104.8, "buffer_radius_m": 800, "n_blockgroups": 19, "estimated_jobs": 11193, "estimated_activity": 23448, "emp_pop_balance": 0.9134, "dist_to_bart_m": 958.32764126775294, "dist_to_bart_mi": 0.595, "cluster": 2, "prob_cluster_0": 0.026415555389891304, "prob_cluster_1": 3.368320604089861e-18, "prob_cluster_2": 0.97349561381687721, "prob_cluster_3": 8.8830793231272471e-05 }, "geometry": { "type": "Point", "coordinates": [ -122.2801923, 37.8098236 ] } },
{ "type": "Feature", "properties": { "id": "OK-K4", "start_count": 673, "end_count": 600, "combined_count": 1273, "name": "San Pablo Ave at MLK Jr Way", "lat": 37.8113514, "long": -122.2734217, "buffer_area_m2": 2007391.0339493908, "estimated_pop": 13092, "buffer_area_km2": 2.0074, "pop_per_km2": 6521.9, "buffer_radius_m": 800, "n_blockgroups": 20, "estimated_jobs": 30797, "estimated_activity": 43889, "emp_pop_balance": 2.3523, "dist_to_bart_m": 514.13522021007816, "dist_to_bart_mi": 0.319, "cluster": 2, "prob_cluster_0": 1.0919360248764604e-10, "prob_cluster_1": 0.00035496753258058297, "prob_cluster_2": 0.99964503235822599, "prob_cluster_3": 1.0673982264608659e-62 }, "geometry": { "type": "Point", "coordinates": [ -122.2734217, 37.8113514 ] } },
{ "type": "Feature", "properties": { "id": "OK-K5-1", "start_count": 3414, "end_count": 3390, "combined_count": 6804, "name": "Telegraph Ave at 19th St", "lat": 37.8087021, "long": -122.2699271, "buffer_area_m2": 2007391.0339493908, "estimated_pop": 13855, "buffer_area_km2": 2.0074, "pop_per_km2": 6901.9, "buffer_radius_m": 800, "n_blockgroups": 23, "estimated_jobs": 57356, "estimated_activity": 71211, "emp_pop_balance": 4.1398, "dist_to_bart_m": 127.02023821904659, "dist_to_bart_mi": 0.079, "cluster": 1, "prob_cluster_0": 1.7308717908538844e-38, "prob_cluster_1": 0.99999841402505441, "prob_cluster_2": 1.585974945530364e-06, "prob_cluster_3": 1.1542479331882759e-230 }, "geometry": { "type": "Point", "coordinates": [ -122.2699271, 37.8087021 ] } },
{ "type": "Feature", "properties": { "id": "OK-K5-2", "start_count": 7791, "end_count": 7486, "combined_count": 15277, "name": "19th Street BART", "lat": 37.809368612134847, "long": -122.26795077323914, "buffer_area_m2": 2007391.0339493908, "estimated_pop": 14676, "buffer_area_km2": 2.0074, "pop_per_km2": 7311.0, "buffer_radius_m": 800, "n_blockgroups": 27, "estimated_jobs": 50093, "estimated_activity": 64769, "emp_pop_balance": 3.4132, "dist_to_bart_m": 44.400474205357199, "dist_to_bart_mi": 0.028, "cluster": 1, "prob_cluster_0": 3.2132520874651715e-29, "prob_cluster_1": 0.99544973188866848, "prob_cluster_2": 0.0045502681113318722, "prob_cluster_3": 9.5251041588704006e-154 }, "geometry": { "type": "Point", "coordinates": [ -122.267950773239136, 37.809368612134847 ] } },
{ "type": "Feature", "properties": { "id": "OK-K6", "start_count": 2205, "end_count": 2191, "combined_count": 4396, "name": "Webster St at 19th St", "lat": 37.806969760955937, "long": -122.26658821105956, "buffer_area_m2": 2007391.0339493908, "estimated_pop": 14265, "buffer_area_km2": 2.0074, "pop_per_km2": 7106.2, "buffer_radius_m": 800, "n_blockgroups": 23, "estimated_jobs": 64585, "estimated_activity": 78850, "emp_pop_balance": 4.5275, "dist_to_bart_m": 227.49743308480078, "dist_to_bart_mi": 0.141, "cluster": 1, "prob_cluster_0": 2.4798199771313765e-48, "prob_cluster_1": 0.99999999896885017, "prob_cluster_2": 1.0311496254325052e-09, "prob_cluster_3": 4.9420953245723835e-285 }, "geometry": { "type": "Point", "coordinates": [ -122.266588211059556, 37.806969760955937 ] } },
{ "type": "Feature", "properties": { "id": "OK-K7", "start_count": 2919, "end_count": 2852, "combined_count": 5771, "name": "Madison St at 17th St", "lat": 37.804036784023602, "long": -122.26240932941435, "buffer_area_m2": 2007391.0339493908, "estimated_pop": 9319, "buffer_area_km2": 2.0074, "pop_per_km2": 4642.2, "buffer_radius_m": 800, "n_blockgroups": 23, "estimated_jobs": 46834, "estimated_activity": 56153, "emp_pop_balance": 5.0258, "dist_to_bart_m": 697.43105810730515, "dist_to_bart_mi": 0.433, "cluster": 1, "prob_cluster_0": 4.6704917882555225e-24, "prob_cluster_1": 0.99999999989106048, "prob_cluster_2": 1.089398788969713e-10, "prob_cluster_3": 6.7045492222837106e-316 }, "geometry": { "type": "Point", "coordinates": [ -122.262409329414353, 37.804036784023602 ] } },
{ "type": "Feature", "properties": { "id": "OK-K9", "start_count": 3740, "end_count": 4027, "combined_count": 7767, "name": "2nd Ave at E 18th St", "lat": 37.800213566969802, "long": -122.25381016731262, "buffer_area_m2": 2007391.0339493908, "estimated_pop": 14209, "buffer_area_km2": 2.0074, "pop_per_km2": 7078.1, "buffer_radius_m": 800, "n_blockgroups": 19, "estimated_jobs": 2938, "estimated_activity": 17146, "emp_pop_balance": 0.2067, "dist_to_bart_m": 1019.7781483204813, "dist_to_bart_mi": 0.634, "cluster": 3, "prob_cluster_0": 0.009582836190683678, "prob_cluster_1": 7.7769650858099853e-26, "prob_cluster_2": 0.030906362649128327, "prob_cluster_3": 0.95951080116018794 }, "geometry": { "type": "Point", "coordinates": [ -122.253810167312622, 37.800213566969802 ] } },
{ "type": "Feature", "properties": { "id": "OK-K9-2", "start_count": 30, "end_count": 29, "combined_count": 59, "name": "E 18th St at 4th Ave", "lat": 37.799206741250792, "long": -122.25129128429244, "buffer_area_m2": 2007391.0339493908, "estimated_pop": 17320, "buffer_area_km2": 2.0074, "pop_per_km2": 8627.9, "buffer_radius_m": 800, "n_blockgroups": 23, "estimated_jobs": 2878, "estimated_activity": 20197, "emp_pop_balance": 0.1662, "dist_to_bart_m": 1209.1434228964135, "dist_to_bart_mi": 0.751, "cluster": 3, "prob_cluster_0": 0.014406272627555842, "prob_cluster_1": 1.2095489076943499e-33, "prob_cluster_2": 0.048811457817234838, "prob_cluster_3": 0.93678226955520927 }, "geometry": { "type": "Point", "coordinates": [ -122.251291284292435, 37.799206741250792 ] } },
{ "type": "Feature", "properties": { "id": "OK-L0", "start_count": 692, "end_count": 686, "combined_count": 1378, "name": "Willow Park", "lat": 37.812362549565719, "long": -122.29609629373002, "buffer_area_m2": 2007391.0339493908, "estimated_pop": 6367, "buffer_area_km2": 2.0074, "pop_per_km2": 3171.6, "buffer_radius_m": 800, "n_blockgroups": 11, "estimated_jobs": 1996, "estimated_activity": 8362, "emp_pop_balance": 0.3135, "dist_to_bart_m": 816.66515934903396, "dist_to_bart_mi": 0.507, "cluster": 3, "prob_cluster_0": 0.011814970872163988, "prob_cluster_1": 4.4239577831570333e-18, "prob_cluster_2": 0.0035944258395949956, "prob_cluster_3": 0.984590603288241 }, "geometry": { "type": "Point", "coordinates": [ -122.296096293730017, 37.812362549565719 ] } },
{ "type": "Feature", "properties": { "id": "OK-L1", "start_count": 1210, "end_count": 1076, "combined_count": 2286, "name": "14th St at Mandela Pkwy", "lat": 37.8107432, "long": -122.2914153, "buffer_area_m2": 2007391.0339493908, "estimated_pop": 8879, "buffer_area_km2": 2.0074, "pop_per_km2": 4423.1, "buffer_radius_m": 800, "n_blockgroups": 15, "estimated_jobs": 2140, "estimated_activity": 11019, "emp_pop_balance": 0.241, "dist_to_bart_m": 720.41765916860288, "dist_to_bart_mi": 0.448, "cluster": 3, "prob_cluster_0": 0.0098196422563244373, "prob_cluster_1": 1.0078848578583053e-17, "prob_cluster_2": 0.0033694881461248552, "prob_cluster_3": 0.98681086959755071 }, "geometry": { "type": "Point", "coordinates": [ -122.2914153, 37.8107432 ] } },
{ "type": "Feature", "properties": { "id": "OK-L10", "start_count": 389, "end_count": 370, "combined_count": 759, "name": "6th Ave at E 12th St", "lat": 37.794396, "long": -122.253842, "buffer_area_m2": 2007391.0339493908, "estimated_pop": 13917, "buffer_area_km2": 2.0074, "pop_per_km2": 6933.1, "buffer_radius_m": 800, "n_blockgroups": 18, "estimated_jobs": 3624, "estimated_activity": 17542, "emp_pop_balance": 0.2604, "dist_to_bart_m": 1023.0708614735446, "dist_to_bart_mi": 0.636, "cluster": 3, "prob_cluster_0": 0.0073163627462609583, "prob_cluster_1": 1.2648158622443041e-25, "prob_cluster_2": 0.026795056362139375, "prob_cluster_3": 0.96588858089159968 }, "geometry": { "type": "Point", "coordinates": [ -122.253842, 37.794396 ] } },
{ "type": "Feature", "properties": { "id": "OK-L11", "start_count": 433, "end_count": 456, "combined_count": 889, "name": "10th Ave at E 15th St", "lat": 37.7927143, "long": -122.2487796, "buffer_area_m2": 2007391.0339493908, "estimated_pop": 14785, "buffer_area_km2": 2.0074, "pop_per_km2": 7365.4, "buffer_radius_m": 800, "n_blockgroups": 19, "estimated_jobs": 2744, "estimated_activity": 17529, "emp_pop_balance": 0.1856, "dist_to_bart_m": 1505.5729301707672, "dist_to_bart_mi": 0.936, "cluster": 3, "prob_cluster_0": 0.023754453277667162, "prob_cluster_1": 2.4130931769693582e-45, "prob_cluster_2": 0.015486466172626731, "prob_cluster_3": 0.96075908054970616 }, "geometry": { "type": "Point", "coordinates": [ -122.2487796, 37.7927143 ] } },
{ "type": "Feature", "properties": { "id": "OK-L12", "start_count": 279, "end_count": 283, "combined_count": 562, "name": "San Antonio Park", "lat": 37.790139851853638, "long": -122.24237322807312, "buffer_area_m2": 2007391.0339493908, "estimated_pop": 12810, "buffer_area_km2": 2.0074, "pop_per_km2": 6381.4, "buffer_radius_m": 800, "n_blockgroups": 20, "estimated_jobs": 2135, "estimated_activity": 14945, "emp_pop_balance": 0.1667, "dist_to_bart_m": 2134.8149131357136, "dist_to_bart_mi": 1.327, "cluster": 3, "prob_cluster_0": 0.22316397032835739, "prob_cluster_1": 3.8331381612222459e-82, "prob_cluster_2": 0.0002543556617111363, "prob_cluster_3": 0.7765816740099315 }, "geometry": { "type": "Point", "coordinates": [ -122.24237322807312, 37.790139851853638 ] } },
{ "type": "Feature", "properties": { "id": "OK-L14", "start_count": 355, "end_count": 368, "combined_count": 723, "name": "23rd Ave at Foothill Blvd", "lat": 37.7851915, "long": -122.2343822, "buffer_area_m2": 2007391.0339493908, "estimated_pop": 14651, "buffer_area_km2": 2.0074, "pop_per_km2": 7298.4, "buffer_radius_m": 800, "n_blockgroups": 21, "estimated_jobs": 2777, "estimated_activity": 17428, "emp_pop_balance": 0.1895, "dist_to_bart_m": 1418.8152431756364, "dist_to_bart_mi": 0.882, "cluster": 3, "prob_cluster_0": 0.019299115006919734, "prob_cluster_1": 4.0877585021389539e-41, "prob_cluster_2": 0.021438361685210301, "prob_cluster_3": 0.95926252330786999 }, "geometry": { "type": "Point", "coordinates": [ -122.2343822, 37.7851915 ] } },
{ "type": "Feature", "properties": { "id": "OK-L16", "start_count": 180, "end_count": 171, "combined_count": 351, "name": "Foothill Blvd at Fruitvale Ave", "lat": 37.7837569, "long": -122.2226033, "buffer_area_m2": 2007391.0339493908, "estimated_pop": 20666, "buffer_area_km2": 2.0074, "pop_per_km2": 10295.0, "buffer_radius_m": 800, "n_blockgroups": 24, "estimated_jobs": 2733, "estimated_activity": 23399, "emp_pop_balance": 0.1322, "dist_to_bart_m": 976.7537262157623, "dist_to_bart_mi": 0.607, "cluster": 3, "prob_cluster_0": 0.017525967132629272, "prob_cluster_1": 1.4341817646045781e-26, "prob_cluster_2": 0.15826623561534053, "prob_cluster_3": 0.82420779725203008 }, "geometry": { "type": "Point", "coordinates": [ -122.2226033, 37.7837569 ] } },
{ "type": "Feature", "properties": { "id": "OK-L19", "start_count": 153, "end_count": 136, "combined_count": 289, "name": "Bond St at High St", "lat": 37.774152564302362, "long": -122.21239820122716, "buffer_area_m2": 2007391.0339493908, "estimated_pop": 12503, "buffer_area_km2": 2.0074, "pop_per_km2": 6228.7, "buffer_radius_m": 800, "n_blockgroups": 18, "estimated_jobs": 2301, "estimated_activity": 14804, "emp_pop_balance": 0.184, "dist_to_bart_m": 1071.8369049379269, "dist_to_bart_mi": 0.666, "cluster": 3, "prob_cluster_0": 0.013553454686509401, "prob_cluster_1": 9.0746850125541392e-27, "prob_cluster_2": 0.030438033487213086, "prob_cluster_3": 0.95600851182627755 }, "geometry": { "type": "Point", "coordinates": [ -122.21239820122716, 37.774152564302362 ] } },
{ "type": "Feature", "properties": { "id": "OK-L3", "start_count": 563, "end_count": 617, "combined_count": 1180, "name": "14th St at Filbert St", "lat": 37.80874983465997, "long": -122.28328227996823, "buffer_area_m2": 2007391.0339493908, "estimated_pop": 10741, "buffer_area_km2": 2.0074, "pop_per_km2": 5350.6, "buffer_radius_m": 800, "n_blockgroups": 15, "estimated_jobs": 5276, "estimated_activity": 16016, "emp_pop_balance": 0.4912, "dist_to_bart_m": 1135.7787535234772, "dist_to_bart_mi": 0.706, "cluster": 3, "prob_cluster_0": 0.024773684958256024, "prob_cluster_1": 7.2373122671344947e-26, "prob_cluster_2": 0.061703821148580314, "prob_cluster_3": 0.91352249389316365 }, "geometry": { "type": "Point", "coordinates": [ -122.283282279968233, 37.80874983465997 ] } },
{ "type": "Feature", "properties": { "id": "OK-L4", "start_count": 1623, "end_count": 1692, "combined_count": 3315, "name": "Jefferson St at 14th St", "lat": 37.805207, "long": -122.275156, "buffer_area_m2": 2007391.0339493908, "estimated_pop": 13249, "buffer_area_km2": 2.0074, "pop_per_km2": 6600.2, "buffer_radius_m": 800, "n_blockgroups": 22, "estimated_jobs": 51211, "estimated_activity": 64460, "emp_pop_balance": 3.8652, "dist_to_bart_m": 326.86297105944914, "dist_to_bart_mi": 0.203, "cluster": 1, "prob_cluster_0": 2.8968834962447271e-30, "prob_cluster_1": 0.99997989869519399, "prob_cluster_2": 2.0101304805835841e-05, "prob_cluster_3": 1.3292836200478983e-195 }, "geometry": { "type": "Point", "coordinates": [ -122.275156, 37.805207 ] } },
{ "type": "Feature", "properties": { "id": "OK-L5", "start_count": 4914, "end_count": 4898, "combined_count": 9812, "name": "Frank H Ogawa Plaza", "lat": 37.804562354930297, "long": -122.27173805236816, "buffer_area_m2": 2007391.0339493908, "estimated_pop": 15249, "buffer_area_km2": 2.0074, "pop_per_km2": 7596.6, "buffer_radius_m": 800, "n_blockgroups": 24, "estimated_jobs": 66606, "estimated_activity": 81856, "emp_pop_balance": 4.3678, "dist_to_bart_m": 43.509988402291498, "dist_to_bart_mi": 0.027, "cluster": 1, "prob_cluster_0": 6.7048130466532124e-52, "prob_cluster_1": 0.9999999964197559, "prob_cluster_2": 3.5802442299368026e-09, "prob_cluster_3": 3.9528269894066896e-271 }, "geometry": { "type": "Point", "coordinates": [ -122.271738052368164, 37.804562354930297 ] } },
{ "type": "Feature", "properties": { "id": "OK-L6", "start_count": 2240, "end_count": 2186, "combined_count": 4426, "name": "Franklin St at 13th St", "lat": 37.803030135756188, "long": -122.27049618959428, "buffer_area_m2": 2007391.0339493908, "estimated_pop": 14639, "buffer_area_km2": 2.0074, "pop_per_km2": 7292.4, "buffer_radius_m": 800, "n_blockgroups": 24, "estimated_jobs": 66144, "estimated_activity": 80783, "emp_pop_balance": 4.5185, "dist_to_bart_m": 110.82800582421464, "dist_to_bart_mi": 0.069, "cluster": 1, "prob_cluster_0": 5.4366902773758088e-51, "prob_cluster_1": 0.99999999860098354, "prob_cluster_2": 1.3990162395121041e-09, "prob_cluster_3": 2.0639913044925346e-286 }, "geometry": { "type": "Point", "coordinates": [ -122.270496189594283, 37.803030135756188 ] } },
{ "type": "Feature", "properties": { "id": "OK-L6-2", "start_count": 1632, "end_count": 1592, "combined_count": 3224, "name": "13th St at Webster St", "lat": 37.802688402040665, "long": -122.26914636790752, "buffer_area_m2": 2007391.0339493908, "estimated_pop": 13845, "buffer_area_km2": 2.0074, "pop_per_km2": 6897.1, "buffer_radius_m": 800, "n_blockgroups": 24, "estimated_jobs": 66089, "estimated_activity": 79934, "emp_pop_balance": 4.7734, "dist_to_bart_m": 226.72858044426818, "dist_to_bart_mi": 0.141, "cluster": 1, "prob_cluster_0": 1.8121472390850762e-50, "prob_cluster_1": 0.99999999986396659, "prob_cluster_2": 1.3603361450481685e-10, "prob_cluster_3": 2.7592948886396012e-315 }, "geometry": { "type": "Point", "coordinates": [ -122.269146367907524, 37.802688402040665 ] } },
{ "type": "Feature", "properties": { "id": "OK-L7", "start_count": 827, "end_count": 790, "combined_count": 1617, "name": "Jackson St at 11th St", "lat": 37.800001631188778, "long": -122.26643800735472, "buffer_area_m2": 2007391.0339493908, "estimated_pop": 12403, "buffer_area_km2": 2.0074, "pop_per_km2": 6178.5, "buffer_radius_m": 800, "n_blockgroups": 24, "estimated_jobs": 46641, "estimated_activity": 59044, "emp_pop_balance": 3.7606, "dist_to_bart_m": 278.13193771122877, "dist_to_bart_mi": 0.173, "cluster": 1, "prob_cluster_0": 4.6941101665137802e-25, "prob_cluster_1": 0.99969990845169932, "prob_cluster_2": 0.00030009154830061275, "prob_cluster_3": 1.0362663329296376e-178 }, "geometry": { "type": "Point", "coordinates": [ -122.266438007354722, 37.800001631188778 ] } },
{ "type": "Feature", "properties": { "id": "OK-L7-2", "start_count": 3135, "end_count": 3064, "combined_count": 6199, "name": "Lakeside Dr at 14th St", "lat": 37.8013189, "long": -122.2626418, "buffer_area_m2": 2007391.0339493908, "estimated_pop": 10531, "buffer_area_km2": 2.0074, "pop_per_km2": 5246.2, "buffer_radius_m": 800, "n_blockgroups": 20, "estimated_jobs": 36670, "estimated_activity": 47202, "emp_pop_balance": 3.482, "dist_to_bart_m": 476.77939811021878, "dist_to_bart_mi": 0.296, "cluster": 1, "prob_cluster_0": 2.4002351539285031e-14, "prob_cluster_1": 0.99318557687682352, "prob_cluster_2": 0.0068144231231527189, "prob_cluster_3": 9.7030021622856607e-143 }, "geometry": { "type": "Point", "coordinates": [ -122.2626418, 37.8013189 ] } },
{ "type": "Feature", "properties": { "id": "OK-L8", "start_count": 1551, "end_count": 1454, "combined_count": 3005, "name": "10th St at Fallon St", "lat": 37.797610044000002, "long": -122.263033509, "buffer_area_m2": 2007391.0339493908, "estimated_pop": 11790, "buffer_area_km2": 2.0074, "pop_per_km2": 5873.3, "buffer_radius_m": 800, "n_blockgroups": 22, "estimated_jobs": 18352, "estimated_activity": 30142, "emp_pop_balance": 1.5566, "dist_to_bart_m": 160.28584348301075, "dist_to_bart_mi": 0.1, "cluster": 2, "prob_cluster_0": 0.00041108242479662513, "prob_cluster_1": 4.4454976686988811e-07, "prob_cluster_2": 0.99958847302543619, "prob_cluster_3": 9.7856084765562361e-20 }, "geometry": { "type": "Point", "coordinates": [ -122.263033509, 37.797610044 ] } },
{ "type": "Feature", "properties": { "id": "OK-L8-2", "start_count": 230, "end_count": 204, "combined_count": 434, "name": "Lakeshore Ave", "lat": 37.798895960984211, "long": -122.25869433497589, "buffer_area_m2": 2007391.0339493908, "estimated_pop": 13096, "buffer_area_km2": 2.0074, "pop_per_km2": 6523.8, "buffer_radius_m": 800, "n_blockgroups": 22, "estimated_jobs": 12749, "estimated_activity": 25845, "emp_pop_balance": 0.9735, "dist_to_bart_m": 565.69882518704412, "dist_to_bart_mi": 0.352, "cluster": 2, "prob_cluster_0": 0.0060344800658687107, "prob_cluster_1": 5.624180857160196e-11, "prob_cluster_2": 0.99395436264137105, "prob_cluster_3": 1.1157236518331406e-05 }, "geometry": { "type": "Point", "coordinates": [ -122.258694334975885, 37.798895960984211 ] } },
{ "type": "Feature", "properties": { "id": "OK-L9", "start_count": 1408, "end_count": 1216, "combined_count": 2624, "name": "4th Ave at E 12th St", "lat": 37.795913, "long": -122.255547, "buffer_area_m2": 2007391.0339493908, "estimated_pop": 12931, "buffer_area_km2": 2.0074, "pop_per_km2": 6441.8, "buffer_radius_m": 800, "n_blockgroups": 17, "estimated_jobs": 3561, "estimated_activity": 16493, "emp_pop_balance": 0.2754, "dist_to_bart_m": 833.7884353507435, "dist_to_bart_mi": 0.518, "cluster": 3, "prob_cluster_0": 0.0058991963153268391, "prob_cluster_1": 1.7508062024040579e-20, "prob_cluster_2": 0.013582013749012389, "prob_cluster_3": 0.98051878993566077 }, "geometry": { "type": "Point", "coordinates": [ -122.255547, 37.795913 ] } },
{ "type": "Feature", "properties": { "id": "OK-M14", "start_count": 110, "end_count": 115, "combined_count": 225, "name": "26th Ave at International Blvd", "lat": 37.781123, "long": -122.2329915, "buffer_area_m2": 2007391.0339493908, "estimated_pop": 12710, "buffer_area_km2": 2.0074, "pop_per_km2": 6331.5, "buffer_radius_m": 800, "n_blockgroups": 15, "estimated_jobs": 4081, "estimated_activity": 16791, "emp_pop_balance": 0.3211, "dist_to_bart_m": 1003.2578027988807, "dist_to_bart_mi": 0.623, "cluster": 3, "prob_cluster_0": 0.0066562920836963661, "prob_cluster_1": 2.8531134954894134e-24, "prob_cluster_2": 0.021934913964371586, "prob_cluster_3": 0.97140879395193214 }, "geometry": { "type": "Point", "coordinates": [ -122.2329915, 37.781123 ] } },
{ "type": "Feature", "properties": { "id": "OK-M16", "start_count": 146, "end_count": 118, "combined_count": 264, "name": "Farnam St at Fruitvale Ave", "lat": 37.778058, "long": -122.2254, "buffer_area_m2": 2007391.0339493908, "estimated_pop": 14073, "buffer_area_km2": 2.0074, "pop_per_km2": 7010.4, "buffer_radius_m": 800, "n_blockgroups": 17, "estimated_jobs": 4511, "estimated_activity": 18584, "emp_pop_balance": 0.3206, "dist_to_bart_m": 339.02210506080337, "dist_to_bart_mi": 0.211, "cluster": 3, "prob_cluster_0": 0.0045290602592717973, "prob_cluster_1": 1.4359314214813456e-14, "prob_cluster_2": 0.0013500699555188951, "prob_cluster_3": 0.99412086978519498 }, "geometry": { "type": "Point", "coordinates": [ -122.2254, 37.778058 ] } },
{ "type": "Feature", "properties": { "id": "OK-M3", "start_count": 841, "end_count": 781, "combined_count": 1622, "name": "10th St at Chestnut St", "lat": 37.8063553, "long": -122.2860187, "buffer_area_m2": 2007391.0339493908, "estimated_pop": 9276, "buffer_area_km2": 2.0074, "pop_per_km2": 4621.1, "buffer_radius_m": 800, "n_blockgroups": 15, "estimated_jobs": 3746, "estimated_activity": 13022, "emp_pop_balance": 0.4038, "dist_to_bart_m": 830.36101017303122, "dist_to_bart_mi": 0.516, "cluster": 3, "prob_cluster_0": 0.0074643930012565059, "prob_cluster_1": 1.0490784834417472e-18, "prob_cluster_2": 0.0069176997211966955, "prob_cluster_3": 0.98561790727754683 }, "geometry": { "type": "Point", "coordinates": [ -122.2860187, 37.8063553 ] } },
{ "type": "Feature", "properties": { "id": "OK-M5", "start_count": 2116, "end_count": 2262, "combined_count": 4378, "name": "Washington St at 8th St", "lat": 37.8007544, "long": -122.2748943, "buffer_area_m2": 2007391.0339493908, "estimated_pop": 9878, "buffer_area_km2": 2.0074, "pop_per_km2": 4921.0, "buffer_radius_m": 800, "n_blockgroups": 24, "estimated_jobs": 46615, "estimated_activity": 56494, "emp_pop_balance": 4.7189, "dist_to_bart_m": 283.97117640649918, "dist_to_bart_mi": 0.176, "cluster": 1, "prob_cluster_0": 3.5784979472886213e-24, "prob_cluster_1": 0.99999915236776848, "prob_cluster_2": 8.4763223131590768e-07, "prob_cluster_3": 1.9805230098167845e-274 }, "geometry": { "type": "Point", "coordinates": [ -122.2748943, 37.8007544 ] } },
{ "type": "Feature", "properties": { "id": "OK-M6", "start_count": 2525, "end_count": 2554, "combined_count": 5079, "name": "Franklin St at 9th St", "lat": 37.8005161, "long": -122.2720799, "buffer_area_m2": 2007391.0339493908, "estimated_pop": 12624, "buffer_area_km2": 2.0074, "pop_per_km2": 6289.0, "buffer_radius_m": 800, "n_blockgroups": 25, "estimated_jobs": 56919, "estimated_activity": 69544, "emp_pop_balance": 4.5087, "dist_to_bart_m": 208.85124994326932, "dist_to_bart_mi": 0.13, "cluster": 1, "prob_cluster_0": 1.2203287893084108e-37, "prob_cluster_1": 0.99999986900743532, "prob_cluster_2": 1.3099256464964232e-07, "prob_cluster_3": 3.737945377573272e-268 }, "geometry": { "type": "Point", "coordinates": [ -122.2720799, 37.8005161 ] } },
{ "type": "Feature", "properties": { "id": "OK-M7", "start_count": 5938, "end_count": 5340, "combined_count": 11278, "name": "Lake Merritt BART", "lat": 37.7973195, "long": -122.2653199, "buffer_area_m2": 2007391.0339493908, "estimated_pop": 11749, "buffer_area_km2": 2.0074, "pop_per_km2": 5852.7, "buffer_radius_m": 800, "n_blockgroups": 22, "estimated_jobs": 27420, "estimated_activity": 39168, "emp_pop_balance": 2.3339, "dist_to_bart_m": 30.728310890495315, "dist_to_bart_mi": 0.019, "cluster": 2, "prob_cluster_0": 1.3118465409198629e-08, "prob_cluster_1": 2.2024026722885177e-05, "prob_cluster_2": 0.99997796285481189, "prob_cluster_3": 2.4236473865878803e-56 }, "geometry": { "type": "Point", "coordinates": [ -122.2653199, 37.7973195 ] } },
{ "type": "Feature", "properties": { "id": "OK-N1", "start_count": 8092, "end_count": 7834, "combined_count": 15926, "name": "West Oakland BART", "lat": 37.8051895, "long": -122.29461686454056, "buffer_area_m2": 2007391.0339493908, "estimated_pop": 6861, "buffer_area_km2": 2.0074, "pop_per_km2": 3417.9, "buffer_radius_m": 800, "n_blockgroups": 13, "estimated_jobs": 1661, "estimated_activity": 8522, "emp_pop_balance": 0.2421, "dist_to_bart_m": 62.870504798874677, "dist_to_bart_mi": 0.039, "cluster": 3, "prob_cluster_0": 0.015771575008112399, "prob_cluster_1": 5.5226556965096558e-18, "prob_cluster_2": 1.2499052100037591e-06, "prob_cluster_3": 0.98422717508667745 }, "geometry": { "type": "Point", "coordinates": [ -122.294616864540558, 37.8051895 ] } },
{ "type": "Feature", "properties": { "id": "OK-N10", "start_count": 1242, "end_count": 1314, "combined_count": 2556, "name": "Brooklyn Basin", "lat": 37.787440960713923, "long": -122.25555462691868, "buffer_area_m2": 2007391.0339493908, "estimated_pop": 3246, "buffer_area_km2": 2.0074, "pop_per_km2": 1616.8, "buffer_radius_m": 800, "n_blockgroups": 9, "estimated_jobs": 2653, "estimated_activity": 5899, "emp_pop_balance": 0.8175, "dist_to_bart_m": 1362.9819925758559, "dist_to_bart_mi": 0.847, "cluster": 0, "prob_cluster_0": 0.92113255137592065, "prob_cluster_1": 8.9137473472901354e-25, "prob_cluster_2": 0.077231543212874967, "prob_cluster_3": 0.0016359054112039949 }, "geometry": { "type": "Point", "coordinates": [ -122.255554626918681, 37.787440960713923 ] } },
{ "type": "Feature", "properties": { "id": "OK-N17", "start_count": 543, "end_count": 519, "combined_count": 1062, "name": "Fruitvale BART", "lat": 37.7752321, "long": -122.2244982, "buffer_area_m2": 2007391.0339493908, "estimated_pop": 10148, "buffer_area_km2": 2.0074, "pop_per_km2": 5055.5, "buffer_radius_m": 800, "n_blockgroups": 12, "estimated_jobs": 4559, "estimated_activity": 14707, "emp_pop_balance": 0.4492, "dist_to_bart_m": 16.367399186684459, "dist_to_bart_mi": 0.01, "cluster": 3, "prob_cluster_0": 0.0040660230015756669, "prob_cluster_1": 4.8059612031314434e-17, "prob_cluster_2": 4.7168488477451537e-06, "prob_cluster_3": 0.9959292601495765 }, "geometry": { "type": "Point", "coordinates": [ -122.2244982, 37.7752321 ] } },
{ "type": "Feature", "properties": { "id": "OK-N5", "start_count": 2106, "end_count": 2206, "combined_count": 4312, "name": "Jack London Square", "lat": 37.796248, "long": -122.279352, "buffer_area_m2": 2007391.0339493908, "estimated_pop": 4689, "buffer_area_km2": 2.0074, "pop_per_km2": 2336.0, "buffer_radius_m": 800, "n_blockgroups": 15, "estimated_jobs": 11421, "estimated_activity": 16111, "emp_pop_balance": 2.4357, "dist_to_bart_m": 916.98326383382243, "dist_to_bart_mi": 0.57, "cluster": 0, "prob_cluster_0": 0.99969893363674278, "prob_cluster_1": 4.2081643829501401e-06, "prob_cluster_2": 0.00029685819887435497, "prob_cluster_3": 3.0482485733058903e-57 }, "geometry": { "type": "Point", "coordinates": [ -122.279352, 37.796248 ] } },
{ "type": "Feature", "properties": { "id": "OK-N6", "start_count": 3125, "end_count": 3372, "combined_count": 6497, "name": "Webster St at 2nd St", "lat": 37.795194764385954, "long": -122.27396965026855, "buffer_area_m2": 2007391.0339493908, "estimated_pop": 7833, "buffer_area_km2": 2.0074, "pop_per_km2": 3902.3, "buffer_radius_m": 800, "n_blockgroups": 17, "estimated_jobs": 17632, "estimated_activity": 25466, "emp_pop_balance": 2.2509, "dist_to_bart_m": 768.13202571783063, "dist_to_bart_mi": 0.477, "cluster": 2, "prob_cluster_0": 0.097315425486051238, "prob_cluster_1": 7.0301936194502485e-05, "prob_cluster_2": 0.90261427257775417, "prob_cluster_3": 1.135426184157851e-47 }, "geometry": { "type": "Point", "coordinates": [ -122.273969650268555, 37.795194764385954 ] } },
{ "type": "Feature", "properties": { "id": "OK-N7", "start_count": 873, "end_count": 901, "combined_count": 1774, "name": "Second St at Oak St", "lat": 37.792831459495922, "long": -122.26827767083098, "buffer_area_m2": 2007391.0339493908, "estimated_pop": 6191, "buffer_area_km2": 2.0074, "pop_per_km2": 3084.2, "buffer_radius_m": 800, "n_blockgroups": 13, "estimated_jobs": 6746, "estimated_activity": 12938, "emp_pop_balance": 1.0897, "dist_to_bart_m": 530.89230598119832, "dist_to_bart_mi": 0.33, "cluster": 0, "prob_cluster_0": 0.95322587961868288, "prob_cluster_1": 1.5012841749039688e-09, "prob_cluster_2": 0.04674287028293847, "prob_cluster_3": 3.1248597094423665e-05 }, "geometry": { "type": "Point", "coordinates": [ -122.268277670830983, 37.792831459495922 ] } }
]
}
